fecha,pax,pico60_pax,pico60_inicio,pico60_share,h08_share,h17_share,pico15_share,tipo_dia,dia_semana,atipico,hueco_datos
2025-01-01,61285,6506,16:45,0.10615974545157869,0.0332544668352778,0.10216202986048789,0.030039977155910908,habil,miercoles,True,False
2025-01-02,466950,45067,17:00,0.0965135453474676,0.09595245743655638,0.0965135453474676,0.02909090909090909,habil,jueves,False,False
2025-01-03,495769,45902,16:45,0.09258747521527162,0.08725434627820618,0.09127638073376916,0.027184031272628986,habil,viernes,False,False
2025-01-04,249488,20688,11:45,0.08292182389533766,0.049064484063361766,0.06724972744180081,0.021604245494773296,sabado,sabado,False,False
2025-01-05,138887,13108,16:15,0.09437888355281632,0.02984440588392002,0.09229085515563011,0.025315544291402363,domingo,domingo,False,False
2025-01-06,527406,51523,17:00,0.09769134215386249,0.09498754280383613,0.09769134215386249,0.028918897395934062,habil,lunes,False,False
2025-01-07,536033,53111,08:15,0.09908158639486749,0.09905733415666573,0.0987961562068007,0.028710918917305463,habil,martes,False,False
2025-01-08,523458,51522,17:00,0.09842623476955172,0.09550527453969564,0.09842623476955172,0.02820665650348261,habil,miercoles,False,False
2025-01-09,535625,51943,08:00,0.09697642940490081,0.09697642940490081,0.09685694282380397,0.028295915985997667,habil,jueves,False,False
2025-01-10,500322,45259,16:45,0.09045974392491235,0.0883091289209749,0.08914658959629998,0.026347032511062875,habil,viernes,False,False
2025-01-11,243771,19711,12:30,0.08085867473981728,0.053792288664361226,0.06412165515996571,0.021996053673324554,sabado,sabado,False,False
2025-01-12,131390,12081,19:00,0.09194763680645407,0.033518532612832025,0.08643732399726006,0.023852652408859122,domingo,domingo,False,False
2025-01-13,495771,48699,17:00,0.09822881935409696,0.0977729637272047,0.09822881935409696,0.02836793600271093,habil,lunes,False,False
2025-01-14,521507,52895,08:00,0.10142720998951117,0.10142720998951117,0.09939272147833107,0.02872636417152598,habil,martes,False,False
2025-01-15,502956,51871,08:15,0.10313228194911682,0.10176039255919007,0.09772624245460836,0.028879265780704474,habil,miercoles,False,False
2025-01-16,480967,49099,08:15,0.1020839267558897,0.1019279909016627,0.09589847120488516,0.029534250790594782,habil,jueves,False,False
2025-01-17,467885,42779,08:15,0.09143058657576114,0.08950703698558407,0.08967588189405516,0.026562082563022966,habil,viernes,False,False
2025-01-18,226215,17698,12:30,0.07823530711933338,0.05370996618261389,0.06607873041133434,0.02094025595119687,sabado,sabado,False,False
2025-01-19,104790,9542,18:30,0.09105830709037122,0.0373508922607119,0.09012310334955626,0.02351369405477622,domingo,domingo,False,False
2025-01-20,498955,49335,17:00,0.09887665220310449,0.09684240061729013,0.09887665220310449,0.029419486727259973,habil,lunes,False,False
2025-01-21,530839,53700,17:15,0.1011606155538685,0.09804856086308655,0.10098918881242712,0.029161384148489466,habil,martes,False,False
2025-01-22,505791,51260,08:15,0.10134620821643722,0.09940864902696964,0.09640543228329487,0.028527593413089598,habil,miercoles,False,False
2025-01-23,476090,47558,08:15,0.09989287739713079,0.09962612111155454,0.09932995862126909,0.02926967590161524,habil,jueves,False,False
2025-01-24,467316,43113,16:45,0.09225663148704517,0.09122306961456488,0.09199770604901181,0.02758518860899263,habil,viernes,False,False
2025-01-25,239757,18534,12:30,0.07730326956042993,0.053324824718360676,0.06719303294585768,0.020866961131478956,sabado,sabado,False,False
2025-01-26,130139,12327,17:00,0.09472179746271295,0.032964753071715626,0.09472179746271295,0.025027086422978507,domingo,domingo,False,False
2025-01-27,484355,48940,08:00,0.10104159139474146,0.10104159139474146,0.1005419578614859,0.030058531449040478,habil,lunes,False,False
2025-01-28,465225,48621,17:00,0.1045107206190553,0.10017948304583804,0.1045107206190553,0.029927454457520555,habil,martes,False,False
2025-01-29,532623,52868,17:00,0.09925970151495524,0.09557229034420218,0.09925970151495524,0.02878959414069614,habil,miercoles,False,False
2025-01-30,522380,51200,08:15,0.09801294077108619,0.09750181859948696,0.09779279451740112,0.028262950342662428,habil,jueves,False,False
2025-01-31,508854,46459,08:15,0.09130123768310754,0.09075294681775126,0.09025771635871979,0.026610776372004544,habil,viernes,False,False
2025-02-01,340138,36670,15:45,0.10780918333147134,0.037205487184613306,0.08528891214742251,0.02838553763472473,sabado,sabado,False,False
2025-02-02,120152,10925,19:00,0.09092649310872894,0.03646214794593515,0.08542512817098342,0.023495239363472933,domingo,domingo,False,False
2025-02-03,492796,50676,08:00,0.10283362689632221,0.10283362689632221,0.0972248151364865,0.030048945202477292,habil,lunes,False,False
2025-02-04,531911,54282,08:00,0.10205090701263933,0.10205090701263933,0.10015585314084499,0.0293846150953825,habil,martes,False,False
2025-02-05,459079,47472,08:15,0.10340703887566192,0.10195848644786627,0.10004160503965548,0.029278185236092262,habil,miercoles,False,False
2025-02-06,599129,56572,17:15,0.09442373846033159,0.09286313965773649,0.09433527671002405,0.028437949089428153,habil,jueves,False,False
2025-02-07,552952,49192,17:00,0.08896251392525933,0.08599299758387709,0.08896251392525933,0.02596066204661526,habil,viernes,False,False
2025-02-08,260372,20297,12:15,0.07795385064446254,0.05217534911588036,0.0685672806599788,0.021415513188822146,sabado,sabado,False,False
2025-02-09,143527,13919,17:30,0.0969782688971413,0.028998028245556584,0.09395444759522599,0.025284441254955513,domingo,domingo,False,False
2025-02-10,519923,53349,08:15,0.1026094248571423,0.10061105202116467,0.09263679429453976,0.028125318556786294,habil,lunes,False,False
2025-02-11,525084,53895,17:15,0.10264072034188816,0.0976186667276093,0.10246360582306831,0.029999009682260363,habil,martes,False,False
2025-02-12,605023,58169,17:00,0.09614345239767744,0.09196179318802757,0.09614345239767744,0.028398920371622238,habil,miercoles,False,False
2025-02-13,607179,58436,08:15,0.09624180019401198,0.09343208510175748,0.09551384352884405,0.027374135139719917,habil,jueves,False,False
2025-02-14,557227,50903,08:00,0.09135056269706959,0.09135056269706959,0.08290696610178616,0.025483330850802278,habil,viernes,False,False
2025-02-15,266452,21168,12:30,0.07944395238166724,0.04880428745139838,0.06867653461036134,0.02130590125050666,sabado,sabado,False,False
2025-02-16,140442,14101,17:15,0.1004044374190057,0.02885176798963273,0.09974224234915481,0.02617450620184845,domingo,domingo,False,False
2025-02-17,566253,54917,17:00,0.0969831506411445,0.09566571832732013,0.0969831506411445,0.028584396020859933,habil,lunes,False,False
2025-02-18,609223,59563,08:15,0.09776879730410704,0.09738470149682464,0.09765882115415865,0.02811285850993807,habil,martes,False,False
2025-02-19,603677,57658,17:00,0.09551134132988337,0.09285429128490898,0.09551134132988337,0.02778969548284927,habil,miercoles,False,False
2025-02-20,611805,58260,08:00,0.09522642018290141,0.09522642018290141,0.0941509140984464,0.027420501630421458,habil,jueves,False,False
2025-02-21,548282,48387,08:30,0.08825203088921395,0.08299743562619236,0.08627494610437694,0.02627480019406072,habil,viernes,False,False
2025-02-22,249400,19915,12:30,0.07985164394546912,0.05178027265437049,0.06801523656776264,0.021780272654370488,sabado,sabado,False,False
2025-02-23,133246,12905,19:45,0.0968509373639734,0.032736442369752185,0.09116971616408748,0.026409798417963766,domingo,domingo,False,False
2025-02-24,561133,56814,08:00,0.10124872356464511,0.10124872356464511,0.09692354575474976,0.028916495732740723,habil,lunes,False,False
2025-02-25,618111,61627,08:15,0.09970215705593331,0.09933976259927424,0.0961671932711115,0.028711671528253015,habil,martes,False,False
2025-02-26,617133,61036,08:00,0.098902505618724,0.098902505618724,0.09793188826395607,0.028836571695242355,habil,miercoles,False,False
2025-02-27,637366,61431,17:00,0.09638261218828742,0.09371852279537973,0.09638261218828742,0.02771562963822984,habil,jueves,False,False
2025-02-28,575434,54876,16:30,0.09536454224116059,0.09142316929482791,0.0902240743508378,0.027115186103010946,habil,viernes,False,False
2025-03-01,278226,21621,16:00,0.07771020681029091,0.043809708654115716,0.07517270132913531,0.020246130843271298,sabado,sabado,False,False
2025-03-02,136688,12701,17:30,0.09291964181200983,0.03262905302586913,0.0899859534121503,0.024654688048694837,domingo,domingo,False,False
2025-03-03,138479,14699,18:15,0.10614605824709884,0.03801298391813921,0.09846980408581807,0.027845377277421125,habil,lunes,True,False
2025-03-04,170588,16363,16:15,0.09592116678781626,0.04200764414847469,0.09111426360588083,0.025746242408610218,habil,martes,True,False
2025-03-05,503665,57964,07:45,0.1150844311198912,0.11255497205483804,0.07682288822927938,0.03202724032839288,habil,miercoles,True,False
2025-03-06,609944,59449,08:00,0.09746632477735662,0.09746632477735662,0.09348071298348701,0.027094290623401494,habil,jueves,False,False
2025-03-07,603659,54771,16:45,0.09073168792314866,0.08718829670393384,0.08925568905623871,0.025627051033779005,habil,viernes,False,False
2025-03-08,316348,28868,15:45,0.09125393553934275,0.03836913778497098,0.08123964747682931,0.024608974926346935,sabado,sabado,False,False
2025-03-09,173575,18197,16:15,0.10483652599740746,0.02689903499927985,0.10151231456142877,0.02689903499927985,domingo,domingo,False,False
2025-03-10,685753,68191,17:00,0.09943959413958087,0.09140463111353504,0.09943959413958087,0.0276323982541819,habil,lunes,False,False
2025-03-11,703400,71046,17:15,0.10100369633210123,0.09212254762581745,0.100992323002559,0.02834802388399204,habil,martes,False,False
2025-03-12,718431,74707,17:00,0.10398632575710123,0.08879906351479822,0.10398632575710123,0.028558066119084506,habil,miercoles,False,False
2025-03-13,720276,71437,17:15,0.09918003654154796,0.09185367831220255,0.09826372112912272,0.027779628920025102,habil,jueves,False,False
2025-03-14,693376,65241,17:00,0.09409180588886838,0.0836703318257338,0.09409180588886838,0.02594840317518922,habil,viernes,False,False
2025-03-15,325601,26670,12:45,0.08191006784377197,0.05090586331123061,0.06859622667006551,0.02169526506368224,sabado,sabado,False,False
2025-03-16,168336,16838,19:00,0.10002613819979089,0.027231251782149985,0.09711529322307766,0.02703521528371828,domingo,domingo,False,False
2025-03-17,679236,70292,17:15,0.10348685876484756,0.09391433905152259,0.10257406851226966,0.02945956928078017,habil,lunes,False,False
2025-03-18,694929,70932,17:15,0.10207085903739807,0.09475356475265818,0.10165355021879934,0.028771284548493443,habil,martes,False,False
2025-03-19,721975,68199,16:30,0.09446171958862841,0.09052113992866789,0.09391876450015582,0.026701755600955713,habil,miercoles,False,False
2025-03-20,769820,78003,17:15,0.10132628406640513,0.09243979112000208,0.09925567015666,0.0279818658907277,habil,jueves,False,False
2025-03-21,712837,66278,17:00,0.09297777752838307,0.08644613004094906,0.09297777752838307,0.025513546575163748,habil,viernes,False,False
2025-03-22,311431,25980,12:45,0.08342136781502163,0.05160051504185518,0.06680131393470785,0.022505787798902485,sabado,sabado,False,False
2025-03-23,151819,15140,16:45,0.0997240134634005,0.02653159354231025,0.09813659686863963,0.025721418267805742,domingo,domingo,False,False
2025-03-24,298621,40864,14:30,0.13684235201141245,0.02413092180389189,0.10581975145753313,0.0358749049798909,habil,lunes,True,False
2025-03-25,776474,80318,17:15,0.1034393939784204,0.09683646844582046,0.10311227420364365,0.028331920965801817,habil,martes,False,False
2025-03-26,778738,78806,17:15,0.10119706499490201,0.09228135778657263,0.10118679196340746,0.027556122855183645,habil,miercoles,False,False
2025-03-27,771637,79302,17:15,0.10277112165435302,0.0856594486785885,0.10143240928052957,0.02899938701747065,habil,jueves,False,False
2025-03-28,707511,66798,17:00,0.09441266637550512,0.08580078613618729,0.09441266637550512,0.026324679050926416,habil,viernes,False,False
2025-03-29,330769,26997,12:45,0.08161889415271685,0.05334840931284371,0.0690240016446523,0.022236062025159552,sabado,sabado,False,False
2025-03-30,159453,15697,16:15,0.09844280132703681,0.031633145817262766,0.09780311439734593,0.02611427818855713,domingo,domingo,False,False
2025-03-31,736887,74879,17:00,0.10161530872440415,0.09513534639639457,0.10161530872440415,0.02822956572717391,habil,lunes,False,False
2025-04-01,802341,81461,17:15,0.1015291503238648,0.09399370093264585,0.09977054643848439,0.02780862501106138,habil,martes,False,False
2025-04-02,217311,20422,16:00,0.09397591470289125,0.04149812940900369,0.08760256038580652,0.02551182406781065,habil,miercoles,True,False
2025-04-03,818558,81752,17:15,0.09987319163700067,0.09289506669044832,0.09948470358850564,0.027974804473232195,habil,jueves,False,False
2025-04-04,764508,71331,17:00,0.09330314398279678,0.08557006597707284,0.09330314398279678,0.025680568417858284,habil,viernes,False,False
2025-04-05,346336,30439,12:45,0.08788863993347501,0.052284486741199294,0.06919292247990391,0.023731289845698975,sabado,sabado,False,False
2025-04-06,197930,20911,17:00,0.10564846157732531,0.02418026575051786,0.10564846157732531,0.0280200070732077,domingo,domingo,False,False
2025-04-07,755134,76045,17:15,0.10070398101529,0.09541220498613491,0.09958762285898927,0.029425241083039566,habil,lunes,False,False
2025-04-08,822744,85280,17:15,0.10365314119580331,0.09392228931478078,0.1024850986455082,0.029079519267232578,habil,martes,False,False
2025-04-09,770421,79302,17:00,0.10293333125654675,0.09068029038668468,0.10293333125654675,0.028597351318305188,habil,miercoles,False,False
2025-04-10,66,9,09:15,0.13636363636363635,0.06060606060606061,0.07575757575757576,0.045454545454545456,habil,jueves,False,True
2025-04-11,753431,75146,17:00,0.09973839674767829,0.09207213401094459,0.09973839674767829,0.027427860016378407,habil,viernes,False,False
2025-04-12,366448,31486,12:30,0.08592214993668952,0.053172619307514296,0.06954874907217395,0.023302078330349738,sabado,sabado,False,False
2025-04-13,206184,22789,18:15,0.11052749000892406,0.026204749156093585,0.10014841112792457,0.029206921972606992,domingo,domingo,False,False
2025-04-14,790875,80472,17:00,0.10175059269796112,0.09458384700489963,0.10175059269796112,0.028439386755176228,habil,lunes,False,False
2025-04-15,824515,84917,17:15,0.10299024274876746,0.09184429634391127,0.1025414940904653,0.029018271347398168,habil,martes,False,False
2025-04-16,820519,82789,17:15,0.10089833385942312,0.09161640376395916,0.0995930624397485,0.028115132007912064,habil,miercoles,False,False
2025-04-17,352614,33401,16:15,0.09472397579222606,0.06549654863391698,0.07970471960841033,0.026465199906980437,habil,jueves,True,False
2025-04-18,232255,23058,18:30,0.09927880992874212,0.030763600353060215,0.09467611030978881,0.026302985942175627,habil,viernes,True,False
2025-04-19,305233,24647,16:30,0.08074814977410699,0.044146602759203624,0.07949337063816822,0.02131158819655804,sabado,sabado,False,False
2025-04-20,175230,19088,18:15,0.10893111910061062,0.025828910574673288,0.10268218912286708,0.028271414712092678,domingo,domingo,False,False
2025-04-21,768937,77782,17:00,0.10115523118278871,0.09382563200886418,0.10115523118278871,0.02860182303621753,habil,lunes,False,False
2025-04-22,802079,81346,17:00,0.10141893753607811,0.09362294736553382,0.10141893753607811,0.028427374360879665,habil,martes,False,False
2025-04-23,811502,84923,17:00,0.10464915674884351,0.08959066028179845,0.10464915674884351,0.029322170493726447,habil,miercoles,False,False
2025-04-24,842518,84423,17:00,0.10020320040640081,0.09160279068221688,0.10020320040640081,0.02833173890646847,habil,jueves,False,False
2025-04-25,812250,76918,17:00,0.09469744536780547,0.08160541705140043,0.09469744536780547,0.026480763311788242,habil,viernes,False,False
2025-04-26,379361,31928,12:45,0.08416257865199639,0.05172118378009337,0.06818571228987692,0.022790956371371858,sabado,sabado,False,False
2025-04-27,195253,23590,18:00,0.1208176058754539,0.02697525774251868,0.09140960702268339,0.03557947893246199,domingo,domingo,False,False
2025-04-28,781207,78015,17:00,0.09986469655289827,0.09179897261545275,0.09986469655289827,0.02890655101656795,habil,lunes,False,False
2025-04-29,830122,83688,17:15,0.10081409720498914,0.09403316620930417,0.10016599969643017,0.028494606816829332,habil,martes,False,False
2025-04-30,854583,76431,17:00,0.08943660241310675,0.0875245587614076,0.08943660241310675,0.024421267448568484,habil,miercoles,False,False
2025-05-01,170226,17319,18:00,0.10174121462056325,0.03388436549058311,0.09534971155992622,0.0270405225993679,habil,jueves,True,False
2025-05-02,405823,36169,17:15,0.08912506191122731,0.05680062490297494,0.08871355246006264,0.023618671194092007,habil,viernes,True,False
2025-05-03,358294,29826,12:30,0.08324448637152729,0.04491004593992643,0.07487147426415179,0.022629460722200203,sabado,sabado,False,False
2025-05-04,184331,19386,17:45,0.10516950485810851,0.027222767738470467,0.10450222697213166,0.027293293043492414,domingo,domingo,False,False
2025-05-05,753913,77897,17:00,0.1033235930405763,0.09448570325753768,0.1033235930405763,0.029085584145650756,habil,lunes,False,False
2025-05-06,804825,77505,17:00,0.09630043798341255,0.08562482527257478,0.09630043798341255,0.02683316248873979,habil,martes,False,False
2025-05-07,831087,85595,17:15,0.10299162422225351,0.09144650319400978,0.10289175501481794,0.028538528457309524,habil,miercoles,False,False
2025-05-08,840089,85810,17:15,0.10214393951117084,0.09471377437390562,0.10175707573840391,0.028223200160935328,habil,jueves,False,False
2025-05-09,817283,76279,16:30,0.09333241973710453,0.08372987080362616,0.09207704063341585,0.026199003282828592,habil,viernes,False,False
2025-05-10,403867,33670,12:30,0.08336902990340879,0.05072957186400474,0.07113232821696251,0.023089284343608168,sabado,sabado,False,False
2025-05-11,217957,24221,18:15,0.1111274242167033,0.025170102359639745,0.10075840647467162,0.02957005280858151,domingo,domingo,False,False
2025-05-12,798755,83056,17:15,0.10398182171003624,0.09346169977026748,0.10377525023317538,0.029279315935424505,habil,lunes,False,False
2025-05-13,821226,84919,17:15,0.10340515278376476,0.09320576796155991,0.10297165457498911,0.02930496598987368,habil,martes,False,False
2025-05-14,814279,84012,17:15,0.10317348230766113,0.09099338187525406,0.10273382955964724,0.02907357306279543,habil,miercoles,False,False
2025-05-15,822861,84111,17:00,0.10221775002096345,0.0908914142242736,0.10221775002096345,0.02884812866328578,habil,jueves,False,False
2025-05-16,671244,65375,17:00,0.09739379420896127,0.08720226921953865,0.09739379420896127,0.02788106858310838,habil,viernes,False,False
2025-05-17,249175,21202,16:00,0.08508879301695596,0.05291461824019263,0.0771666499448179,0.023184508879301697,sabado,sabado,False,False
2025-05-18,208727,22288,16:15,0.10678062732660365,0.024084090702209106,0.10088776248401021,0.02776353801856013,domingo,domingo,False,False
2025-05-19,773783,78086,17:00,0.10091459750343443,0.09392943499663342,0.10091459750343443,0.029273064929056337,habil,lunes,False,False
2025-05-20,823968,86422,17:15,0.1048851411705309,0.09255941978329256,0.10330498271777545,0.029660132432327468,habil,martes,False,False
2025-05-21,805093,84364,17:00,0.1047878940693808,0.09702481576662572,0.1047878940693808,0.029241342304553636,habil,miercoles,False,False
2025-05-22,821516,84077,17:15,0.10234371576451341,0.09060931253925669,0.1018178586905185,0.02847905579440936,habil,jueves,False,False
2025-05-23,743005,72145,17:00,0.097098942806576,0.08565622034844987,0.097098942806576,0.0271357527876663,habil,viernes,False,False
2025-05-24,375324,31478,12:45,0.08386887062910978,0.04942129999680276,0.07565729876053756,0.02332118383050378,sabado,sabado,False,False
2025-05-25,199173,21108,17:45,0.10597821993944963,0.02858319149683943,0.10131393311342402,0.027538873240850918,domingo,domingo,False,False
2025-05-26,736647,76894,17:00,0.10438378219147026,0.09465863568303408,0.10438378219147026,0.029718440447052658,habil,lunes,False,False
2025-05-27,728619,77526,17:15,0.10640128791590667,0.09780557465561562,0.10588661563862595,0.030266847282324507,habil,martes,False,False
2025-05-28,815753,84811,17:00,0.10396651927728123,0.09034474896200198,0.10396651927728123,0.0291865307268254,habil,miercoles,False,False
2025-05-29,804031,81789,17:00,0.10172368975823072,0.0914467228253637,0.10172368975823072,0.028441689437347564,habil,jueves,False,False
2025-05-30,772809,74143,17:00,0.09593961768043592,0.0848385564867904,0.09593961768043592,0.026410147914944056,habil,viernes,False,False
2025-05-31,366438,31219,12:45,0.08519585850812415,0.049096982299870646,0.07220321036573718,0.023275424492001377,sabado,sabado,False,False
2025-06-01,194807,20714,17:45,0.10633088133383298,0.025897426683846064,0.10368210587915219,0.027386079555662784,domingo,domingo,False,False
2025-06-02,774258,79357,17:00,0.10249425901960328,0.09267066016754105,0.10249425901960328,0.028484045369889622,habil,lunes,False,False
2025-06-03,809681,82785,17:15,0.10224397015614792,0.0952436823884962,0.10107807889773873,0.028747123867300824,habil,martes,False,False
2025-06-04,852030,84996,17:15,0.09975705080807014,0.09128786545074703,0.09802706477471451,0.02814220156567257,habil,miercoles,False,False
2025-06-05,839807,84496,17:15,0.10061359336133183,0.09432286227668976,0.09929305185596214,0.02838628399144089,habil,jueves,False,False
2025-06-06,801726,76047,17:00,0.0948541022743431,0.08509765181620653,0.0948541022743431,0.02598144503234272,habil,viernes,False,False
2025-06-07,384881,33251,12:45,0.08639293703768178,0.050457154289247845,0.07108950558744132,0.023209771331918178,sabado,sabado,False,False
2025-06-08,206854,21518,17:30,0.10402506115424405,0.024553549846751815,0.10078122733908941,0.02677250621211096,domingo,domingo,False,False
2025-06-09,801988,81527,17:15,0.1016561345057532,0.0927021351940428,0.10146037097811937,0.02859519095048804,habil,lunes,False,False
2025-06-10,854881,90059,17:00,0.10534682604947355,0.092008127446978,0.10534682604947355,0.028944379393155306,habil,martes,False,False
2025-06-11,828374,84555,17:00,0.10207345957260851,0.0905665798298836,0.10207345957260851,0.028774442461979733,habil,miercoles,False,False
2025-06-12,839806,84456,17:00,0.10056608311919657,0.09100435100487493,0.10056608311919657,0.02805647971079035,habil,jueves,False,False
2025-06-13,791841,74873,17:00,0.09455559891442852,0.08509915500712896,0.09455559891442852,0.02600522074507382,habil,viernes,False,False
2025-06-14,341168,30241,12:30,0.08863961450077382,0.04843068517563195,0.07256542231393331,0.024835271772264692,sabado,sabado,False,False
2025-06-15,194283,20416,18:00,0.1050838210239702,0.024762845951524323,0.0969153245523283,0.028051862489255366,domingo,domingo,False,False
2025-06-16,201637,20660,16:00,0.10246135381899156,0.04060762657647158,0.09928237377068692,0.026850230860407564,habil,lunes,True,False
2025-06-17,819190,81156,17:15,0.09906859214590022,0.09376701375749216,0.09779172109034534,0.029509637568817977,habil,martes,False,False
2025-06-18,824536,76796,16:30,0.09313844392482559,0.08301638739848836,0.0913071109084382,0.02659798965721327,habil,miercoles,False,False
2025-06-19,873770,85971,17:00,0.09839088089543015,0.08583380065692345,0.09839088089543015,0.027198232944596404,habil,jueves,False,False
2025-06-20,285437,26790,16:30,0.09385608733275644,0.041210494785189025,0.09307132572161282,0.024012303940974717,habil,viernes,True,False
2025-06-21,366443,30762,12:45,0.08394757165507323,0.04556506741839795,0.07832596065418086,0.022145326831185204,sabado,sabado,False,False
2025-06-22,179978,20078,18:00,0.11155807932080587,0.026147640267143762,0.10548511484737023,0.02962028692395737,domingo,domingo,False,False
2025-06-23,737042,75061,17:00,0.10184087202628887,0.09190928061087428,0.10184087202628887,0.029542414136507825,habil,lunes,False,False
2025-06-24,786814,78028,17:15,0.09916956231078755,0.09396629953203679,0.09873108511033103,0.028020599531782608,habil,martes,False,False
2025-06-25,816144,83935,17:00,0.10284337077770589,0.08876007175204376,0.10284337077770589,0.028615048324805426,habil,miercoles,False,False
2025-06-26,806380,81344,17:15,0.10087551774597585,0.09083310597981101,0.09987598898782211,0.028296832758748978,habil,jueves,False,False
2025-06-27,767820,72197,17:00,0.094028548357688,0.08320700164100961,0.094028548357688,0.026167591362558935,habil,viernes,False,False
2025-06-28,384391,33221,12:45,0.0864250203568762,0.05041221048359613,0.07350068029688521,0.023369433727636703,sabado,sabado,False,False
2025-06-29,185781,20095,17:45,0.10816498996129852,0.02592837803650535,0.10390728868937082,0.028538978689962913,domingo,domingo,False,False
2025-06-30,745964,75490,17:00,0.10119791303601783,0.0949402384029256,0.10119791303601783,0.029199800526566965,habil,lunes,False,False
2025-07-01,768480,78831,17:15,0.10258041848844472,0.09179809494066209,0.10225249843847595,0.028652665001041015,habil,martes,False,False
2025-07-02,791393,80286,17:00,0.10144896404188564,0.09271752466852752,0.10144896404188564,0.028223651207427914,habil,miercoles,False,False
2025-07-03,788288,79688,17:15,0.1010899569700414,0.08830402086547048,0.10038463099780791,0.028627861898189493,habil,jueves,False,False
2025-07-04,796880,75129,17:00,0.09427893785764481,0.08209768095572734,0.09427893785764481,0.025624937255295653,habil,viernes,False,False
2025-07-05,421668,36470,13:00,0.08648984509139893,0.04608364874735574,0.07465114734815068,0.02334538072606885,sabado,sabado,False,False
2025-07-06,227619,24401,17:15,0.10720106845210638,0.022177410497366212,0.10716152869488048,0.027915068601478788,domingo,domingo,False,False
2025-07-07,789400,79401,17:00,0.10058398783886496,0.09162655181150241,0.10058398783886496,0.028767418292373954,habil,lunes,False,False
2025-07-08,842573,84423,17:00,0.10019665951792901,0.086495769506025,0.10019665951792901,0.027991639893516645,habil,martes,False,False
2025-07-09,239613,23737,17:30,0.09906390721705417,0.03360418675113621,0.09822088117088806,0.025603786105094464,habil,miercoles,True,False
2025-07-10,851916,85123,17:00,0.09991947562905262,0.08901581846097503,0.09991947562905262,0.02845468332558609,habil,jueves,False,False
2025-07-11,818443,76749,16:45,0.09377439846146891,0.08012897660557913,0.0934127361343429,0.026241289863802367,habil,viernes,False,False
2025-07-12,418027,35491,13:00,0.08490121451485191,0.04405217844780361,0.0779830010980152,0.022634901573343347,sabado,sabado,False,False
2025-07-13,222950,24548,18:00,0.11010540479928235,0.024386633774388877,0.09918367346938775,0.028199147790984525,domingo,domingo,False,False
2025-07-14,771882,79357,17:00,0.10280975589533115,0.09414781015751113,0.10280975589533115,0.029992926379938903,habil,lunes,False,False
2025-07-15,818476,82430,17:00,0.10071156637457909,0.09032763330873476,0.10071156637457909,0.028371021263909998,habil,martes,False,False
2025-07-16,740269,75398,17:00,0.1018521645509943,0.0921516367698769,0.1018521645509943,0.02920289786550565,habil,miercoles,False,False
2025-07-17,863658,91620,17:15,0.1060836581146704,0.08247130229790033,0.10475558612321081,0.029669151446521654,habil,jueves,False,False
2025-07-18,804953,75658,16:45,0.09399058081651972,0.08257749210202335,0.09356322667286164,0.026143141276571427,habil,viernes,False,False
2025-07-19,418232,34278,13:00,0.08195929531934429,0.041259396698483136,0.07468582031025842,0.021390041890625298,sabado,sabado,False,False
2025-07-20,260145,27710,18:15,0.10651751907589999,0.02163024467124104,0.098764150762075,0.027473139979626745,domingo,domingo,False,False
2025-07-21,692011,71789,17:00,0.10373968043860575,0.08461570697575617,0.10373968043860575,0.030177265968315534,habil,lunes,False,False
2025-07-22,723210,75547,17:00,0.10446066840889921,0.08496425657831058,0.10446066840889921,0.030566502122481715,habil,martes,False,False
2025-07-23,744968,80482,17:00,0.10803417059524704,0.08082092116708368,0.10803417059524704,0.031173151061522106,habil,miercoles,False,False
2025-07-24,734150,75117,17:00,0.10231832731730572,0.08167676905264591,0.10231832731730572,0.02939726213988967,habil,jueves,False,False
2025-07-25,669309,65179,17:00,0.09738252436468059,0.07555404155629164,0.09738252436468059,0.02758367211556994,habil,viernes,False,False
2025-07-26,392061,32424,16:15,0.0827014163612295,0.039294905639683624,0.07843422324587246,0.021409933658282768,sabado,sabado,False,False
2025-07-27,226148,24102,17:45,0.10657622441940676,0.023325432902347135,0.10419725135751809,0.027309549498558468,domingo,domingo,False,False
2025-07-28,654681,68976,17:00,0.10535818207646166,0.08605259660811906,0.10535818207646166,0.031085368293871367,habil,lunes,False,False
2025-07-29,705400,72789,17:00,0.103188261979019,0.08515593989225971,0.103188261979019,0.03013751063226538,habil,martes,False,False
2025-07-30,712314,74341,17:00,0.10436549049997614,0.08260402013718669,0.10436549049997614,0.030434611702142594,habil,miercoles,False,False
2025-07-31,696948,72175,17:00,0.10355865860867669,0.08253126488633299,0.10355865860867669,0.029347957092925155,habil,jueves,False,False
2025-08-01,551531,48345,08:15,0.08765599757765202,0.08748193664544694,0.0836217728468572,0.024372156778132145,habil,viernes,True,False
2025-08-02,380947,30809,16:15,0.08087476735608891,0.040955828501077575,0.0782838557594626,0.020942545813459616,sabado,sabado,False,False
2025-08-03,212226,22676,18:00,0.10684835976741776,0.025100600303450096,0.09745742745940648,0.027070198750388737,domingo,domingo,False,False
2025-08-04,636672,76449,17:15,0.12007595747889023,0.10914568254925613,0.11952779453156413,0.03378819863289104,habil,lunes,False,False
2025-08-05,787413,82185,17:15,0.10437343554145029,0.09431518148671662,0.1035047681458142,0.02964009992215013,habil,martes,False,False
2025-08-06,800230,83914,17:15,0.1048623520737788,0.090931357234795,0.10468865201254639,0.029117878609899655,habil,miercoles,False,False
2025-08-07,831818,84678,17:15,0.10179871077567448,0.0885590357506089,0.10151739923877579,0.028061426898672547,habil,jueves,False,False
2025-08-08,786551,76289,17:00,0.09699180345584711,0.08241677907726264,0.09699180345584711,0.02670774050252304,habil,viernes,False,False
2025-08-09,392594,32674,12:45,0.08322592805799375,0.045150970213503006,0.07197511933447785,0.022437938430032042,sabado,sabado,False,False
2025-08-10,214101,23453,18:15,0.10954175832901294,0.024693952854026837,0.10031246934857847,0.028397812247490672,domingo,domingo,False,False
2025-08-11,762978,79929,17:15,0.10475924600709326,0.09317961985797756,0.10410260846315358,0.029380925793404265,habil,lunes,False,False
2025-08-12,834278,87276,17:15,0.10461261114400715,0.09457399092388868,0.10389822097670082,0.02911139931773342,habil,martes,False,False
2025-08-13,843247,87109,17:00,0.10330187952047265,0.0918639497086856,0.10330187952047265,0.0285207062699304,habil,miercoles,False,False
2025-08-14,867897,87369,17:15,0.1006674755184083,0.08887229705829149,0.09994619177160423,0.027666877521180508,habil,jueves,False,False
2025-08-15,406536,37030,17:15,0.09108664423322904,0.058877934549461795,0.09023555109510596,0.023441958399748115,habil,viernes,True,False
2025-08-16,348979,29170,12:45,0.08358669146281009,0.04684809114588557,0.07249719897185791,0.02264892729935039,sabado,sabado,False,False
2025-08-17,197803,20859,16:15,0.10545340566118815,0.025677062531913066,0.09998837226937914,0.02683983559400009,domingo,domingo,False,False
2025-08-18,780383,80567,17:00,0.10324033199083014,0.0923841242056785,0.10324033199083014,0.029054964036889577,habil,lunes,False,False
2025-08-19,684240,71932,17:15,0.1051268560738922,0.0976747924704782,0.10425289372150123,0.030249620016368526,habil,martes,False,False
2025-08-20,779829,82550,17:00,0.10585654034410108,0.09182141213009519,0.10585654034410108,0.02956802068145709,habil,miercoles,False,False
2025-08-21,867712,88819,17:15,0.10235999963121405,0.0908250663814722,0.1013504480749373,0.028345810591532676,habil,jueves,False,False
2025-08-22,804496,76236,17:00,0.09476243511465564,0.08197803345199976,0.09476243511465564,0.025740339293172373,habil,viernes,False,False
2025-08-23,382943,31848,12:45,0.08316642424590605,0.04745353747163416,0.07338951227728409,0.022959030456229778,sabado,sabado,False,False
2025-08-24,211923,20819,18:15,0.09823851115735432,0.03201162686447436,0.09473252077405472,0.02539129778268522,domingo,domingo,False,False
2025-08-25,792901,80606,17:00,0.10165960189229173,0.09194716616576344,0.10165960189229173,0.028582382920440255,habil,lunes,False,False
2025-08-26,829367,85088,17:15,0.10259390595478238,0.09409224143232128,0.10183067327250783,0.028580833334338116,habil,martes,False,False
2025-08-27,824796,84107,17:00,0.10197309395292897,0.09250529827981707,0.10197309395292897,0.02826517102410778,habil,miercoles,False,False
2025-08-28,841802,84602,17:15,0.10050106794709444,0.09262154283311277,0.10015656888436948,0.028108747662752048,habil,jueves,False,False
2025-08-29,788772,72221,17:00,0.09156131302835294,0.08501569528330113,0.09156131302835294,0.024918480879138713,habil,viernes,False,False
2025-08-30,356690,29647,12:30,0.0831169923462951,0.04994252712439373,0.07373069051557375,0.023446129692450027,sabado,sabado,False,False
2025-08-31,126080,13211,17:15,0.10478267766497462,0.03477950507614213,0.10379124365482234,0.027323921319796954,domingo,domingo,False,False
2025-09-01,722818,71725,17:15,0.0992296816072649,0.0971655382129388,0.09880080462855104,0.029640933125627753,habil,lunes,False,False
2025-09-02,814191,82697,17:00,0.10156953343871401,0.09623786064940536,0.10156953343871401,0.027887805195586785,habil,martes,False,False
2025-09-03,833737,86304,17:00,0.10351465749990704,0.0905597328654,0.10351465749990704,0.028134771516677322,habil,miercoles,False,False
2025-09-04,847249,87859,17:15,0.10369914865641623,0.09088473400381707,0.10317155877433906,0.028283302783479236,habil,jueves,False,False
2025-09-05,792041,75860,17:00,0.09577787008500822,0.08467743462775286,0.09577787008500822,0.026052944228897243,habil,viernes,False,False
2025-09-06,375094,32007,12:45,0.08533061046031128,0.048691794590156066,0.07153140279503271,0.023602083744341418,sabado,sabado,False,False
2025-09-07,181392,17591,18:30,0.09697781600070565,0.026721134338890357,0.09127745435300344,0.02572329540442798,domingo,domingo,False,False
2025-09-08,782925,79937,17:00,0.10210045662100456,0.09344956413449564,0.10210045662100456,0.028408851422550053,habil,lunes,False,False
2025-09-09,825102,85022,17:00,0.10304422968311797,0.09481494409176078,0.10304422968311797,0.028423152531444597,habil,martes,False,False
2025-09-10,830974,84563,17:15,0.10176371342545014,0.0917537732829186,0.1015266422294801,0.028255998382620877,habil,miercoles,False,False
2025-09-11,800691,80963,17:15,0.10111641070025765,0.08673633149367234,0.09961520736463879,0.02793462147070468,habil,jueves,False,False
2025-09-12,753951,72937,17:00,0.09673970854869879,0.08296693021164506,0.09673970854869879,0.027045524178626993,habil,viernes,False,False
2025-09-13,367781,30899,12:45,0.08401467177477902,0.04917056617932955,0.06888066539598293,0.02316324116797768,sabado,sabado,False,False
2025-09-14,198463,20585,18:45,0.10372210437209958,0.028015297561762142,0.09220862326982864,0.028786222116968907,domingo,domingo,False,False
2025-09-15,777748,78595,17:00,0.1010545832326152,0.0935457243220169,0.1010545832326152,0.028619810015583454,habil,lunes,False,False
2025-09-16,813304,82377,17:00,0.10128684968966094,0.09567763099652775,0.10128684968966094,0.0283731544416356,habil,martes,False,False
2025-09-17,860357,88656,17:00,0.10304559618855894,0.08596547712170645,0.10304559618855894,0.029481947610119984,habil,miercoles,False,False
2025-09-18,814107,81372,17:15,0.09995246325114512,0.09350245115199844,0.09951517429527076,0.028000004913359054,habil,jueves,False,False
2025-09-19,727008,68429,17:00,0.09412413618557154,0.08986558607333069,0.09412413618557154,0.026162022976363396,habil,viernes,False,False
2025-09-20,314523,27144,12:30,0.08630211463072653,0.05156379660628953,0.06792190078309059,0.024258957214575723,sabado,sabado,False,False
2025-09-21,205542,20573,16:30,0.1000914654912378,0.03954909458894046,0.09598524875694506,0.02608226055988557,domingo,domingo,False,False
2025-09-22,777897,76827,17:00,0.09876243255855209,0.09570033050648094,0.09876243255855209,0.028532055014995557,habil,lunes,False,False
2025-09-23,804205,80290,17:00,0.09983772794250222,0.09503671327584384,0.09983772794250222,0.028411909898595506,habil,martes,False,False
2025-09-24,768971,77611,17:00,0.10092838351511306,0.09182140808951182,0.10092838351511306,0.028396389460720886,habil,miercoles,False,False
2025-09-25,805370,78636,17:00,0.09763959422377293,0.0940586314364826,0.09763959422377293,0.027838136508685447,habil,jueves,False,False
2025-09-26,755274,70665,17:00,0.09356207151311974,0.0864957618030013,0.09356207151311974,0.025735031260178426,habil,viernes,False,False
2025-09-27,313843,26510,15:45,0.08446898608539939,0.04717964077580191,0.0726031805711773,0.0227470423109644,sabado,sabado,False,False
2025-09-28,211686,20551,16:00,0.09708247120735429,0.027304592651379873,0.09008625983768412,0.02605746246799505,domingo,domingo,False,False
2025-09-29,736193,75342,17:00,0.10234001138288465,0.09329347059806328,0.10234001138288465,0.02866367922542051,habil,lunes,False,False
2025-09-30,803507,79914,17:15,0.09945650753509304,0.09554739411106562,0.09908812244323945,0.028234974928656502,habil,martes,False,False
2025-10-01,806624,80807,17:00,0.1001792656801682,0.09376363708493672,0.1001792656801682,0.02772915261633673,habil,miercoles,False,False
2025-10-02,776537,75654,17:15,0.09742484904132064,0.09407407502797678,0.09546100185825016,0.02835022671166989,habil,jueves,False,False
2025-10-03,786421,73043,17:00,0.09288027659485186,0.08440390070967077,0.09288027659485186,0.025913600984714295,habil,viernes,False,False
2025-10-04,373105,31339,13:00,0.0839951220165905,0.05235255491081599,0.06702938850993688,0.024306830516878628,sabado,sabado,False,False
2025-10-05,168691,17556,18:00,0.10407194219015833,0.026729345371122346,0.09978599925307219,0.027986081059451898,domingo,domingo,False,False
2025-10-06,768341,77352,17:00,0.10067404967325706,0.09383854304273753,0.10067404967325706,0.02879450660579092,habil,lunes,False,False
2025-10-07,750126,79725,17:30,0.10628214459970725,0.10363325627961169,0.0977235824381504,0.03105344968711923,habil,martes,False,False
2025-10-08,800580,80473,17:15,0.10051837417872042,0.09218441629818382,0.09994628894051813,0.028084638636988183,habil,miercoles,False,False
2025-10-09,833269,79857,17:15,0.09583579852364603,0.09054459004235127,0.09497173181769633,0.026504046112359875,habil,jueves,False,False
2025-10-10,292454,24781,16:15,0.08473469331929123,0.050537862364679574,0.0830387001032641,0.02232829778358306,habil,viernes,True,False
2025-10-11,342974,29509,12:30,0.08603859184661228,0.049753042504679656,0.07135234740825835,0.024340037437240142,sabado,sabado,False,False
2025-10-12,177282,17803,18:30,0.10042192664793945,0.02967588362044652,0.09740977651425413,0.027459076499588227,domingo,domingo,False,False
2025-10-13,755919,76170,17:00,0.10076476447873384,0.09354044547100945,0.10076476447873384,0.028430294780260847,habil,lunes,False,False
2025-10-14,786367,78364,17:15,0.09965321535618865,0.09387092795094402,0.09863333532561769,0.027913175400290195,habil,martes,False,False
2025-10-15,795645,80801,17:15,0.10155408505049363,0.0965795046785941,0.10045937572661175,0.028686160285051752,habil,miercoles,False,False
2025-10-16,800569,80828,17:15,0.10096318993116146,0.09122636524771756,0.10033113947704696,0.028570928926800812,habil,jueves,False,False
2025-10-17,770294,73415,17:00,0.09530776560637887,0.08326820668472038,0.09530776560637887,0.02587713262728257,habil,viernes,False,False
2025-10-18,375735,30641,12:45,0.08154949632054506,0.04845436278228006,0.06957563176174697,0.022111328462879422,sabado,sabado,False,False
2025-10-19,185396,17937,18:15,0.09674966018684329,0.031003905154372263,0.08311937690133551,0.026095492890893007,domingo,domingo,False,False
2025-10-20,736495,74619,17:15,0.10131637010434558,0.09520634899082818,0.10118330742231788,0.02893027108127007,habil,lunes,False,False
2025-10-21,753899,76240,17:00,0.10112760462608386,0.0975395908470498,0.10112760462608386,0.027954672973435433,habil,martes,False,False
2025-10-22,780816,79263,17:00,0.10151303251982541,0.09526700272535399,0.10151303251982541,0.028579076248437533,habil,miercoles,False,False
2025-10-23,805452,80424,17:15,0.09984952548382771,0.09180311179312982,0.09891712976068096,0.028384062613290427,habil,jueves,False,False
2025-10-24,667198,65793,17:00,0.0986109071070357,0.08558628772868024,0.0986109071070357,0.027195824927532756,habil,viernes,False,False
2025-10-25,276236,22519,12:45,0.08152087345603035,0.0457760755296196,0.07310053722179585,0.022708843163092428,sabado,sabado,False,False
2025-10-26,193026,17782,15:45,0.09212230476723343,0.02622962709686778,0.08186461927408743,0.02400194792411385,domingo,domingo,False,False
2025-10-27,727323,72394,17:15,0.0995348696521353,0.09232211823357711,0.09939737915616582,0.028648894645157654,habil,lunes,False,False
2025-10-28,785023,80899,17:15,0.10305303156722796,0.09615387065092361,0.10187090059781688,0.02904500887235151,habil,martes,False,False
2025-10-29,774228,79166,17:15,0.1022515331401086,0.09475503340101366,0.10172972302732529,0.02834178045743631,habil,miercoles,False,False
2025-10-30,774460,77631,17:00,0.10023887612013532,0.09466854324303385,0.10023887612013532,0.027841334607339306,habil,jueves,False,False
2025-10-31,756810,69256,16:45,0.09151041873125355,0.08376474940870232,0.09141792523883141,0.025435710416088584,habil,viernes,False,False
2025-11-01,448460,39264,15:45,0.08755295901529679,0.039345761048922984,0.07552513044641662,0.023125808321812425,sabado,sabado,False,False
2025-11-02,187821,19094,18:15,0.10166062367892834,0.02888920834198519,0.09326433146453272,0.02613658749554097,domingo,domingo,False,False
2025-11-03,747737,74608,17:00,0.09977839801962454,0.09489566518709118,0.09977839801962454,0.02831610579655681,habil,lunes,False,False
2025-11-04,753917,75399,08:00,0.10000968276348723,0.10000968276348723,0.09885305676884856,0.028212654708674827,habil,martes,False,False
2025-11-05,795564,79615,17:00,0.10007365843602778,0.09133771764433786,0.10007365843602778,0.02792232931605754,habil,miercoles,False,False
2025-11-06,778004,73842,17:00,0.0949121084210364,0.08989799538305715,0.0949121084210364,0.027251787908545457,habil,jueves,False,False
2025-11-07,752269,70910,17:00,0.09426149422613453,0.08536839880415117,0.09426149422613453,0.02670720181211774,habil,viernes,False,False
2025-11-08,308200,30736,13:00,0.09972744970798184,0.05932511356262168,0.08809539260220636,0.028257624918883843,sabado,sabado,False,False
2025-11-09,190242,18719,19:00,0.09839572754701906,0.029289010838826336,0.07870501781940896,0.025688333806414988,domingo,domingo,False,False
2025-11-10,743163,73462,17:00,0.0988504540726597,0.09422293628719407,0.0988504540726597,0.02827912584453209,habil,lunes,False,False
2025-11-11,782916,79308,17:00,0.10129822356421378,0.09572546735537402,0.10129822356421378,0.028598214878735394,habil,martes,False,False
2025-11-12,778491,78122,17:00,0.10035054997424504,0.09305309887975584,0.10035054997424504,0.0280195917486522,habil,miercoles,False,False
2025-11-13,790537,76414,17:00,0.09666087735298917,0.0908863215763462,0.09666087735298917,0.027004428635218843,habil,jueves,False,False
2025-11-14,733535,67369,16:45,0.09184156175233629,0.0849748137444021,0.09154846053698869,0.025713837785518074,habil,viernes,False,False
2025-11-15,373463,29617,12:30,0.07930370612349817,0.05197302008498834,0.06878057531803686,0.02154965819907193,sabado,sabado,False,False
2025-11-16,181668,18577,16:45,0.10225796507915538,0.028783274985137722,0.10145980579959046,0.027792456569126097,domingo,domingo,False,False
2025-11-17,740895,72764,17:00,0.09821094757016852,0.09320349037312979,0.09821094757016852,0.027734024389420905,habil,lunes,False,False
2025-11-18,773124,77151,17:00,0.09979123659335372,0.09430052617691341,0.09979123659335372,0.027782089289687038,habil,martes,False,False
2025-11-19,782917,80692,17:15,0.10306584222848654,0.09104924276775188,0.10277590089370904,0.028097486706764575,habil,miercoles,False,False
2025-11-20,764807,73991,17:00,0.09674466891647174,0.09273712191441763,0.09674466891647174,0.0275049783801665,habil,jueves,False,False
2025-11-21,369986,30672,16:45,0.08290043407047834,0.06320239144183834,0.08198688599028071,0.021876503435265118,habil,viernes,True,False
2025-11-22,351478,27067,12:45,0.07700908733974815,0.04346502483796994,0.07136719794695542,0.02083202931620187,sabado,sabado,False,False
2025-11-23,205255,20110,19:00,0.09797568877737449,0.0262210421183406,0.0925970134710482,0.025733843268129886,domingo,domingo,False,False
2025-11-24,214872,20021,16:45,0.09317640269555828,0.03923265944376187,0.09232007893071224,0.024475036300681336,habil,lunes,True,False
2025-11-25,742178,71702,08:00,0.09661024713747915,0.09661024713747915,0.09547979056237182,0.027776355537350878,habil,martes,False,False
2025-11-26,745160,73229,17:00,0.0982728541521284,0.09418514144613238,0.0982728541521284,0.027540394009340274,habil,miercoles,False,False
2025-11-27,748078,71913,17:15,0.09613035004371202,0.08992244124275811,0.09585230417149014,0.02736613026983817,habil,jueves,False,False
2025-11-28,713729,64103,17:00,0.08981420118840625,0.08467359459963095,0.08981420118840625,0.025034712054575334,habil,viernes,False,False
2025-11-29,297167,25234,12:45,0.08491521602331349,0.05620745237526374,0.06134597717781584,0.023098123277483704,sabado,sabado,False,False
2025-11-30,158182,15556,16:15,0.09834241569837276,0.030818930093183802,0.08833495593683226,0.026665486591394724,domingo,domingo,False,False
2025-12-01,692043,68927,17:00,0.09959930235548947,0.0954420462312313,0.09959930235548947,0.028871038360333102,habil,lunes,False,False
2025-12-02,745412,73074,17:00,0.09803169254050109,0.09584095775222293,0.09803169254050109,0.02771621599866919,habil,martes,False,False
2025-12-03,738687,72623,17:00,0.09831362945334086,0.09016674179997752,0.09831362945334086,0.02820545102323447,habil,miercoles,False,False
2025-12-04,743857,72823,17:00,0.09789919299005051,0.09086961606867987,0.09789919299005051,0.02726733767377332,habil,jueves,False,False
2025-12-05,714263,63950,16:30,0.0895328471445392,0.0846102906072413,0.0883708101917641,0.024846590121565867,habil,viernes,False,False
2025-12-06,363204,29152,12:45,0.08026343322210108,0.05826202354599619,0.06173390160901312,0.0223373090604729,sabado,sabado,False,False
2025-12-07,204639,20927,18:30,0.10226300949476884,0.02923685123559048,0.0909504053479542,0.026216899027067177,domingo,domingo,False,False
2025-12-08,214966,19280,16:15,0.08968860191844291,0.044309332638649834,0.08454825414251556,0.023538606105151513,habil,lunes,True,False
2025-12-09,734205,71435,17:00,0.09729571441218733,0.09440415142909678,0.09729571441218733,0.027505941800995633,habil,martes,False,False
2025-12-10,764667,74238,17:00,0.0970853979575423,0.08805270791076376,0.0970853979575423,0.027506090886621235,habil,miercoles,False,False
2025-12-11,763188,74422,17:00,0.09751463597436018,0.08853650738743271,0.09751463597436018,0.027651116107695613,habil,jueves,False,False
2025-12-12,720754,62843,17:00,0.08719063647236089,0.08090138937834546,0.08719063647236089,0.02407895065445353,habil,viernes,False,False
2025-12-13,362007,28448,12:30,0.07858411577676674,0.05286085628178461,0.0641341189535009,0.021046554348396578,sabado,sabado,False,False
2025-12-14,186386,18396,17:15,0.0986984000944277,0.028237099352955694,0.09813505306192526,0.02582812013777859,domingo,domingo,False,False
2025-12-15,719452,69696,17:00,0.09687373167355154,0.08678827774472793,0.09687373167355154,0.027721098836336545,habil,lunes,False,False
2025-12-16,747126,71872,17:00,0.09619796393111738,0.08984963714286479,0.09619796393111738,0.027035600420812555,habil,martes,False,False
2025-12-17,770147,75310,17:00,0.09778652646832357,0.08567714994669849,0.09778652646832357,0.02773756179015175,habil,miercoles,False,False
2025-12-18,781717,71095,16:45,0.0909472353805789,0.08103572008796021,0.09043042430956472,0.025277690008020805,habil,jueves,False,False
2025-12-19,740772,65159,16:45,0.08796093804841436,0.0777621184386019,0.08738181248751303,0.02418287948248584,habil,viernes,False,False
2025-12-20,369626,29384,12:30,0.07949657221082933,0.05499613122453507,0.06734645290104051,0.021088884439947407,sabado,sabado,False,False
2025-12-21,210588,19697,16:30,0.09353334472999411,0.03161623644272228,0.09151518605048721,0.024170418067506222,domingo,domingo,False,False
2025-12-22,721163,68418,16:45,0.0948717557611802,0.0835372863000459,0.094708131171455,0.026508570184549125,habil,lunes,False,False
2025-12-23,692692,66024,17:00,0.09531508953474271,0.08680048275423997,0.09531508953474271,0.026632327210361892,habil,martes,False,False
2025-12-24,229127,22186,12:45,0.0968283964788087,0.07960650643529571,0.05434977108765008,0.02741710928873507,habil,miercoles,True,False
2025-12-25,78816,8769,19:00,0.11125913520097443,0.023916463662200568,0.10223812423873326,0.0289535119772635,habil,jueves,True,False
2025-12-26,497088,43541,16:45,0.08759213660357924,0.0783382419209476,0.08630463821295223,0.02485475408780739,habil,viernes,True,False
2025-12-27,259457,19993,12:30,0.07705708460361448,0.05648720211827008,0.06249205070589731,0.021105616730325256,sabado,sabado,False,False
2025-12-28,145236,13337,19:00,0.09182984934864634,0.03506706326255198,0.08561926795009502,0.024140020380621883,domingo,domingo,False,False
2025-12-29,555125,51377,17:00,0.09255032650303986,0.09142445395181266,0.09255032650303986,0.02759558657959919,habil,lunes,True,False
2025-12-30,523682,48085,08:00,0.09182099060116636,0.09182099060116636,0.08748247982554298,0.025735083504875095,habil,martes,True,False
2025-12-31,175978,15530,12:30,0.08824966757208287,0.08238529816227029,0.05359760879200809,0.024338269556421824,habil,miercoles,True,False
