fecha,tipo_dia,dia_semana,mes,pax_dia,estaciones_con_dato,LineaA,LineaB,LineaC,LineaD,LineaE,LineaH,mediana_mes,razon,hueco_datos,atipico
2025-01-01,habil,miercoles,1,61285,88,11125,15737,10770,10133,6911,6609,500322.0,0.122,False,True
2025-01-02,habil,jueves,1,466950,88,97983,118615,73790,82361,44772,49429,500322.0,0.933,False,False
2025-01-03,habil,viernes,1,495769,88,104963,129072,78703,85259,45860,51912,500322.0,0.991,False,False
2025-01-04,sabado,sabado,1,249488,88,53934,65392,38589,42212,21143,28218,500322.0,0.499,False,False
2025-01-05,domingo,domingo,1,138887,88,24609,35295,23399,25987,14752,14845,500322.0,0.278,False,False
2025-01-06,habil,lunes,1,527406,88,109880,133569,89275,92187,49232,53263,500322.0,1.054,False,False
2025-01-07,habil,martes,1,536033,86,111979,132155,89643,98651,49613,53992,500322.0,1.071,False,False
2025-01-08,habil,miercoles,1,523458,86,111647,128346,84510,95600,51610,51745,500322.0,1.046,False,False
2025-01-09,habil,jueves,1,535625,86,113161,128794,88858,100748,52550,51514,500322.0,1.071,False,False
2025-01-10,habil,viernes,1,500322,86,106035,120155,86444,90505,47922,49261,500322.0,1.0,False,False
2025-01-11,sabado,sabado,1,243771,86,52743,61691,38197,43982,20957,26201,500322.0,0.487,False,False
2025-01-12,domingo,domingo,1,131390,86,23615,33353,20930,25748,14453,13291,500322.0,0.263,False,False
2025-01-13,habil,lunes,1,495771,86,105008,119775,82495,90352,48737,49404,500322.0,0.991,False,False
2025-01-14,habil,martes,1,521507,86,109148,125003,87664,96133,51375,52184,500322.0,1.042,False,False
2025-01-15,habil,miercoles,1,502956,86,106395,120735,84579,92388,49575,49284,500322.0,1.005,False,False
2025-01-16,habil,jueves,1,480967,86,99915,113497,82413,89702,48026,47414,500322.0,0.961,False,False
2025-01-17,habil,viernes,1,467885,86,98909,112070,80422,84633,45081,46770,500322.0,0.935,False,False
2025-01-18,sabado,sabado,1,226215,86,47305,59475,34947,40375,19505,24608,500322.0,0.452,False,False
2025-01-19,domingo,domingo,1,104790,86,18238,28548,17609,19597,10384,10414,500322.0,0.209,False,False
2025-01-20,habil,lunes,1,498955,86,105799,119897,83333,91055,48646,50225,500322.0,0.997,False,False
2025-01-21,habil,martes,1,530839,86,109050,126657,90809,99507,52337,52479,500322.0,1.061,False,False
2025-01-22,habil,miercoles,1,505791,86,105107,120081,85394,93892,50855,50462,500322.0,1.011,False,False
2025-01-23,habil,jueves,1,476090,86,97461,110683,84168,89907,47506,46365,500322.0,0.952,False,False
2025-01-24,habil,viernes,1,467316,86,97708,111517,82955,84359,45243,45534,500322.0,0.934,False,False
2025-01-25,sabado,sabado,1,239757,86,48269,59536,39434,45897,20760,25861,500322.0,0.479,False,False
2025-01-26,domingo,domingo,1,130139,86,22532,31676,21776,27290,13246,13619,500322.0,0.26,False,False
2025-01-27,habil,lunes,1,484355,86,99819,115530,84619,88691,47939,47757,500322.0,0.968,False,False
2025-01-28,habil,martes,1,465225,86,100399,113561,59063,94771,49970,47461,500322.0,0.93,False,False
2025-01-29,habil,miercoles,1,532623,86,108360,125668,92863,100710,52919,52103,500322.0,1.065,False,False
2025-01-30,habil,jueves,1,522380,86,106374,124358,88582,98833,52825,51408,500322.0,1.044,False,False
2025-01-31,habil,viernes,1,508854,86,106971,120887,86117,94615,49255,51009,500322.0,1.017,False,False
2025-02-01,sabado,sabado,2,340138,86,78845,85712,52884,64542,30833,27322,570843.5,0.596,False,False
2025-02-02,domingo,domingo,2,120152,86,21402,29731,19826,23359,13162,12672,570843.5,0.21,False,False
2025-02-03,habil,lunes,2,492796,86,102125,114428,83276,94452,49263,49252,570843.5,0.863,False,False
2025-02-04,habil,martes,2,531911,86,109677,125158,85787,105337,52993,52959,570843.5,0.932,False,False
2025-02-05,habil,miercoles,2,459079,87,91327,110168,74501,90462,48407,44214,570843.5,0.804,False,False
2025-02-06,habil,jueves,2,599129,86,123987,144042,95634,117008,58300,60158,570843.5,1.05,False,False
2025-02-07,habil,viernes,2,552952,86,115584,132388,92653,106186,51049,55092,570843.5,0.969,False,False
2025-02-08,sabado,sabado,2,260372,86,53952,66818,40883,49758,21741,27220,570843.5,0.456,False,False
2025-02-09,domingo,domingo,2,143527,86,24603,37244,22531,30043,15017,14089,570843.5,0.251,False,False
2025-02-10,habil,lunes,2,519923,86,110129,118724,86322,100924,53016,50808,570843.5,0.911,False,False
2025-02-11,habil,martes,2,525084,86,108998,125027,78610,105830,55173,51446,570843.5,0.92,False,False
2025-02-12,habil,miercoles,2,605023,86,125227,144433,95826,119978,59694,59865,570843.5,1.06,False,False
2025-02-13,habil,jueves,2,607179,86,126071,144018,96460,120391,59046,61193,570843.5,1.064,False,False
2025-02-14,habil,viernes,2,557227,86,114254,132143,93342,107587,54403,55498,570843.5,0.976,False,False
2025-02-15,sabado,sabado,2,266452,86,53828,69952,41037,50556,22652,28427,570843.5,0.467,False,False
2025-02-16,domingo,domingo,2,140442,86,24882,36303,20015,30521,13988,14733,570843.5,0.246,False,False
2025-02-17,habil,lunes,2,566253,86,117629,131582,91155,112732,56997,56158,570843.5,0.992,False,False
2025-02-18,habil,martes,2,609223,86,127142,143185,95002,122184,61401,60309,570843.5,1.067,False,False
2025-02-19,habil,miercoles,2,603677,86,126361,142573,92176,122860,59916,59791,570843.5,1.058,False,False
2025-02-20,habil,jueves,2,611805,86,127136,144671,95155,121944,60770,62129,570843.5,1.072,False,False
2025-02-21,habil,viernes,2,548282,87,115667,125595,89503,109413,52774,55330,570843.5,0.96,False,False
2025-02-22,sabado,sabado,2,249400,86,52461,65544,36392,45686,21670,27647,570843.5,0.437,False,False
2025-02-23,domingo,domingo,2,133246,86,23542,34632,19608,27123,13670,14671,570843.5,0.233,False,False
2025-02-24,habil,lunes,2,561133,87,114563,135764,81719,117557,56536,54994,570843.5,0.983,False,False
2025-02-25,habil,martes,2,618111,87,127400,149797,85172,131980,61672,62090,570843.5,1.083,False,False
2025-02-26,habil,miercoles,2,617133,87,128465,149568,84543,133317,60713,60527,570843.5,1.081,False,False
2025-02-27,habil,jueves,2,637366,87,131485,155439,87720,136090,63061,63571,570843.5,1.117,False,False
2025-02-28,habil,viernes,2,575434,87,118126,139122,83127,120682,56305,58072,570843.5,1.008,False,False
2025-03-01,sabado,sabado,3,278226,87,56881,74441,38915,54073,22222,31694,703400.0,0.396,False,False
2025-03-02,domingo,domingo,3,136688,87,21079,38554,21372,28310,12885,14488,703400.0,0.194,False,False
2025-03-03,habil,lunes,3,138479,87,23413,38795,20948,28301,11688,15334,703400.0,0.197,False,True
2025-03-04,habil,martes,3,170588,87,29191,45594,26102,35202,14344,20155,703400.0,0.243,False,True
2025-03-05,habil,miercoles,3,503665,87,121270,91721,81047,115602,34778,59247,703400.0,0.716,False,True
2025-03-06,habil,jueves,3,609944,87,126886,142222,85297,130541,59531,65467,703400.0,0.867,False,False
2025-03-07,habil,viernes,3,603659,87,127221,138838,87069,124185,59636,66710,703400.0,0.858,False,False
2025-03-08,sabado,sabado,3,316348,87,67011,82637,46700,60417,27290,32293,703400.0,0.45,False,False
2025-03-09,domingo,domingo,3,173575,87,29486,44771,25858,38817,16000,18643,703400.0,0.247,False,False
2025-03-10,habil,lunes,3,685753,87,139482,155699,100346,143528,74766,71932,703400.0,0.975,False,False
2025-03-11,habil,martes,3,703400,87,141734,161196,100954,149662,77220,72634,703400.0,1.0,False,False
2025-03-12,habil,miercoles,3,718431,87,135929,164546,105799,151503,82590,78064,703400.0,1.021,False,False
2025-03-13,habil,jueves,3,720276,87,141824,165780,97226,156656,77399,81391,703400.0,1.024,False,False
2025-03-14,habil,viernes,3,693376,87,139479,159905,97307,145850,72955,77880,703400.0,0.986,False,False
2025-03-15,sabado,sabado,3,325601,87,67040,86274,44658,63957,26900,36772,703400.0,0.463,False,False
2025-03-16,domingo,domingo,3,168336,87,27887,46380,25286,34703,15670,18410,703400.0,0.239,False,False
2025-03-17,habil,lunes,3,679236,88,139875,153672,96584,139485,75301,74319,703400.0,0.966,False,False
2025-03-18,habil,martes,3,694929,87,141836,159858,96239,144251,77346,75399,703400.0,0.988,False,False
2025-03-19,habil,miercoles,3,721975,87,133748,164747,101560,156646,83697,81577,703400.0,1.026,False,False
2025-03-20,habil,jueves,3,769820,88,151634,174367,107260,166446,85006,85107,703400.0,1.094,False,False
2025-03-21,habil,viernes,3,712837,87,143303,160101,102118,150088,77436,79791,703400.0,1.013,False,False
2025-03-22,sabado,sabado,3,311431,87,63212,76736,49092,58532,26937,36922,703400.0,0.443,False,False
2025-03-23,domingo,domingo,3,151819,87,23985,40766,23281,32956,14765,16066,703400.0,0.216,False,False
2025-03-24,habil,lunes,3,298621,87,61817,71908,47767,60859,33090,23180,703400.0,0.425,False,True
2025-03-25,habil,martes,3,776474,88,153423,171075,107708,174095,87304,82869,703400.0,1.104,False,False
2025-03-26,habil,miercoles,3,778738,88,152459,175672,110147,172613,86335,81512,703400.0,1.107,False,False
2025-03-27,habil,jueves,3,771637,88,155935,151285,112239,179787,87621,84770,703400.0,1.097,False,False
2025-03-28,habil,viernes,3,707511,88,139660,155662,101592,156128,77059,77410,703400.0,1.006,False,False
2025-03-29,sabado,sabado,3,330769,88,63869,81170,50502,70141,27159,37928,703400.0,0.47,False,False
2025-03-30,domingo,domingo,3,159453,88,25565,38794,24737,36022,14919,19416,703400.0,0.227,False,False
2025-03-31,habil,lunes,3,736887,88,145218,162967,105552,162126,82077,78947,703400.0,1.048,False,False
2025-04-01,habil,martes,4,802341,88,157313,180604,115192,174848,88313,86071,796477.0,1.007,False,False
2025-04-02,habil,miercoles,4,217311,88,39660,52278,32530,48546,19023,25274,796477.0,0.273,False,True
2025-04-03,habil,jueves,4,818558,88,159568,182504,116934,182262,89159,88131,796477.0,1.028,False,False
2025-04-04,habil,viernes,4,764508,88,151306,172138,110921,168335,80928,80880,796477.0,0.96,False,False
2025-04-05,sabado,sabado,4,346336,88,70198,83964,50441,73747,28828,39158,796477.0,0.435,False,False
2025-04-06,domingo,domingo,4,197930,88,32371,49476,28364,46706,18362,22651,796477.0,0.249,False,False
2025-04-07,habil,lunes,4,755134,88,147560,164105,110817,164278,86058,82316,796477.0,0.948,False,False
2025-04-08,habil,martes,4,822744,88,163412,183567,114327,181821,90568,89049,796477.0,1.033,False,False
2025-04-09,habil,miercoles,4,770421,88,149405,173395,108489,170970,85316,82846,796477.0,0.967,False,False
2025-04-10,habil,jueves,4,66,31,14,14,3,10,8,17,796477.0,0.0,True,False
2025-04-11,habil,viernes,4,753431,89,147887,171860,108421,163456,79519,82288,796477.0,0.946,False,False
2025-04-12,sabado,sabado,4,366448,88,75407,92327,53644,75257,29454,40359,796477.0,0.46,False,False
2025-04-13,domingo,domingo,4,206184,89,34495,52013,30653,48855,18389,21779,796477.0,0.259,False,False
2025-04-14,habil,lunes,4,790875,89,158137,173381,115143,172167,86136,85911,796477.0,0.993,False,False
2025-04-15,habil,martes,4,824515,89,165048,178895,119164,182579,90044,88785,796477.0,1.035,False,False
2025-04-16,habil,miercoles,4,820519,89,164621,181609,118507,182598,86608,86576,796477.0,1.03,False,False
2025-04-17,habil,jueves,4,352614,89,70152,85495,57114,73987,27706,38160,796477.0,0.443,False,True
2025-04-18,habil,viernes,4,232255,89,41101,56663,32451,58911,19096,24033,796477.0,0.292,False,True
2025-04-19,sabado,sabado,4,305233,89,64053,73789,45715,63702,23751,34223,796477.0,0.383,False,False
2025-04-20,domingo,domingo,4,175230,90,29046,42392,27715,40800,16452,18825,796477.0,0.22,False,False
2025-04-21,habil,lunes,4,768937,90,150730,170864,113779,164599,82442,86523,796477.0,0.965,False,False
2025-04-22,habil,martes,4,802079,90,155786,183067,112854,175477,84985,89910,796477.0,1.007,False,False
2025-04-23,habil,miercoles,4,811502,90,158187,187371,114656,177620,84178,89490,796477.0,1.019,False,False
2025-04-24,habil,jueves,4,842518,90,161049,192871,117690,185764,88916,96228,796477.0,1.058,False,False
2025-04-25,habil,viernes,4,812250,90,159396,185384,114646,175382,83030,94412,796477.0,1.02,False,False
2025-04-26,sabado,sabado,4,379361,90,74749,96883,54011,78382,30969,44367,796477.0,0.476,False,False
2025-04-27,domingo,domingo,4,195253,90,31251,48717,28001,48484,16649,22151,796477.0,0.245,False,False
2025-04-28,habil,lunes,4,781207,90,152163,177534,111436,166408,85066,88600,796477.0,0.981,False,False
2025-04-29,habil,martes,4,830122,90,160862,193535,114241,179155,88991,93338,796477.0,1.042,False,False
2025-04-30,habil,miercoles,4,854583,90,171812,160458,128146,195357,100731,98079,796477.0,1.073,False,False
2025-05-01,habil,jueves,5,170226,90,27654,39803,24040,43917,14962,19850,804428.0,0.212,False,True
2025-05-02,habil,viernes,5,405823,90,73186,99234,59036,91182,35709,47476,804428.0,0.504,False,True
2025-05-03,sabado,sabado,5,358294,90,71810,87785,51270,78871,27229,41329,804428.0,0.445,False,False
2025-05-04,domingo,domingo,5,184331,90,29868,44717,28144,44247,16816,20539,804428.0,0.229,False,False
2025-05-05,habil,lunes,5,753913,90,146304,171614,104733,162620,82193,86449,804428.0,0.937,False,False
2025-05-06,habil,martes,5,804825,90,142018,169378,118161,196428,84369,94471,804428.0,1.0,False,False
2025-05-07,habil,miercoles,5,831087,90,159971,191784,114720,182958,88556,93098,804428.0,1.033,False,False
2025-05-08,habil,jueves,5,840089,90,161236,192555,115307,185679,89410,95902,804428.0,1.044,False,False
2025-05-09,habil,viernes,5,817283,90,160122,190063,115411,170085,85353,96249,804428.0,1.016,False,False
2025-05-10,sabado,sabado,5,403867,90,79432,99827,55716,88695,31425,48772,804428.0,0.502,False,False
2025-05-11,domingo,domingo,5,217957,90,34381,53710,30890,52017,18233,28726,804428.0,0.271,False,False
2025-05-12,habil,lunes,5,798755,90,154200,181681,111832,175170,85276,90596,804428.0,0.993,False,False
2025-05-13,habil,martes,5,821226,90,159333,189934,114313,176490,87860,93296,804428.0,1.021,False,False
2025-05-14,habil,miercoles,5,814279,90,157413,191349,114036,175357,86045,90079,804428.0,1.012,False,False
2025-05-15,habil,jueves,5,822861,90,157047,190664,114692,179974,86851,93633,804428.0,1.023,False,False
2025-05-16,habil,viernes,5,671244,90,124928,158027,98059,141820,72682,75728,804428.0,0.834,False,False
2025-05-17,sabado,sabado,5,249175,90,45790,68404,35174,48384,20370,31053,804428.0,0.31,False,False
2025-05-18,domingo,domingo,5,208727,90,36122,53861,25778,47576,19409,25981,804428.0,0.259,False,False
2025-05-19,habil,lunes,5,773783,90,151878,177578,109564,162947,81933,89883,804428.0,0.962,False,False
2025-05-20,habil,martes,5,823968,90,159382,187955,114875,179288,87843,94625,804428.0,1.024,False,False
2025-05-21,habil,miercoles,5,805093,90,160819,162751,115647,181943,90764,93169,804428.0,1.001,False,False
2025-05-22,habil,jueves,5,821516,90,158579,188358,113979,180022,86898,93680,804428.0,1.021,False,False
2025-05-23,habil,viernes,5,743005,90,147805,175539,106544,153541,75689,83887,804428.0,0.924,False,False
2025-05-24,sabado,sabado,5,375324,90,76399,95578,53554,73769,30637,45387,804428.0,0.467,False,False
2025-05-25,domingo,domingo,5,199173,90,35634,50993,28277,41996,18397,23876,804428.0,0.248,False,False
2025-05-26,habil,lunes,5,736647,90,144650,168964,101894,156542,79743,84854,804428.0,0.916,False,False
2025-05-27,habil,martes,5,728619,90,138208,166232,103186,157386,80753,82854,804428.0,0.906,False,False
2025-05-28,habil,miercoles,5,815753,90,162873,187882,113197,176241,86485,89075,804428.0,1.014,False,False
2025-05-29,habil,jueves,5,804031,90,156307,186127,113998,171267,85079,91253,804428.0,1.0,False,False
2025-05-30,habil,viernes,5,772809,90,149660,179824,110188,166553,78426,88158,804428.0,0.961,False,False
2025-05-31,sabado,sabado,5,366438,90,75408,93614,52344,73584,29020,42468,804428.0,0.456,False,False
2025-06-01,domingo,domingo,6,194807,90,32175,51539,27180,42631,17986,23296,806380.0,0.242,False,False
2025-06-02,habil,lunes,6,774258,90,152166,177438,109246,162588,83606,89214,806380.0,0.96,False,False
2025-06-03,habil,martes,6,809681,90,158154,185819,111894,173791,87406,92617,806380.0,1.004,False,False
2025-06-04,habil,miercoles,6,852030,90,167441,199852,118902,183739,88185,93911,806380.0,1.057,False,False
2025-06-05,habil,jueves,6,839807,90,162533,194927,115377,181047,87813,98110,806380.0,1.041,False,False
2025-06-06,habil,viernes,6,801726,90,157897,186545,112498,171983,81619,91184,806380.0,0.994,False,False
2025-06-07,sabado,sabado,6,384881,90,80060,100568,54111,74412,30323,45407,806380.0,0.477,False,False
2025-06-08,domingo,domingo,6,206854,90,31977,53308,29600,50216,17628,24125,806380.0,0.257,False,False
2025-06-09,habil,lunes,6,801988,90,159108,184797,110685,169120,85494,92784,806380.0,0.995,False,False
2025-06-10,habil,martes,6,854881,90,167026,193498,117913,185049,95100,96295,806380.0,1.06,False,False
2025-06-11,habil,miercoles,6,828374,90,155962,192199,114323,178360,93803,93727,806380.0,1.027,False,False
2025-06-12,habil,jueves,6,839806,90,162836,195779,115309,181489,87433,96960,806380.0,1.041,False,False
2025-06-13,habil,viernes,6,791841,90,154802,185300,112732,164734,81931,92342,806380.0,0.982,False,False
2025-06-14,sabado,sabado,6,341168,90,67621,91540,46224,67210,27891,40682,806380.0,0.423,False,False
2025-06-15,domingo,domingo,6,194283,90,31832,52587,26566,44053,17326,21919,806380.0,0.241,False,False
2025-06-16,habil,lunes,6,201637,90,35370,52292,30908,41591,17415,24061,806380.0,0.25,False,True
2025-06-17,habil,martes,6,819190,90,158911,193961,107723,177278,89538,91779,806380.0,1.016,False,False
2025-06-18,habil,miercoles,6,824536,90,152093,196757,111271,176782,95780,91853,806380.0,1.023,False,False
2025-06-19,habil,jueves,6,873770,90,171028,207952,111803,192141,91177,99669,806380.0,1.084,False,False
2025-06-20,habil,viernes,6,285437,90,53646,71998,38170,64317,22817,34489,806380.0,0.354,False,True
2025-06-21,sabado,sabado,6,366443,90,75368,93159,49344,77539,28066,42967,806380.0,0.454,False,False
2025-06-22,domingo,domingo,6,179978,90,27145,48458,25667,42354,15892,20462,806380.0,0.223,False,False
2025-06-23,habil,lunes,6,737042,90,147001,170058,102796,157021,75810,84356,806380.0,0.914,False,False
2025-06-24,habil,martes,6,786814,90,154375,182571,108174,166807,84995,89892,806380.0,0.976,False,False
2025-06-25,habil,miercoles,6,816144,90,157952,191871,112276,172037,89718,92290,806380.0,1.012,False,False
2025-06-26,habil,jueves,6,806380,90,159556,184013,110769,174856,84963,92223,806380.0,1.0,False,False
2025-06-27,habil,viernes,6,767820,90,149268,183383,107715,162978,79020,85456,806380.0,0.952,False,False
2025-06-28,sabado,sabado,6,384391,90,77833,99290,51603,78941,30145,46579,806380.0,0.477,False,False
2025-06-29,domingo,domingo,6,185781,90,29532,51145,25324,41215,16532,22033,806380.0,0.23,False,False
2025-06-30,habil,lunes,6,745964,90,147518,174464,105285,155812,79528,83357,806380.0,0.925,False,False
2025-07-01,habil,martes,7,768480,90,149191,181272,105154,162578,80779,89506,768480.0,1.0,False,False
2025-07-02,habil,miercoles,7,791393,90,156095,186679,108483,168266,81795,90075,768480.0,1.03,False,False
2025-07-03,habil,jueves,7,788288,90,153051,188325,108668,169476,80569,88199,768480.0,1.026,False,False
2025-07-04,habil,viernes,7,796880,90,158229,189526,110442,168468,79702,90513,768480.0,1.037,False,False
2025-07-05,sabado,sabado,7,421668,90,88772,107571,56003,82700,32863,53759,768480.0,0.549,False,False
2025-07-06,domingo,domingo,7,227619,90,34984,60035,29427,51215,19542,32416,768480.0,0.296,False,False
2025-07-07,habil,lunes,7,789400,90,157039,186089,107706,169904,79159,89503,768480.0,1.027,False,False
2025-07-08,habil,martes,7,842573,90,167751,201683,111663,184271,80840,96365,768480.0,1.096,False,False
2025-07-09,habil,miercoles,7,239613,90,44834,62680,20036,57521,21272,33270,768480.0,0.312,False,True
2025-07-10,habil,jueves,7,851916,90,167364,202431,116171,184879,84395,96676,768480.0,1.109,False,False
2025-07-11,habil,viernes,7,818443,90,161349,193582,112490,176874,79195,94953,768480.0,1.065,False,False
2025-07-12,sabado,sabado,7,418027,90,83935,108222,54848,85810,32733,52479,768480.0,0.544,False,False
2025-07-13,domingo,domingo,7,222950,90,35289,58116,30260,51178,18813,29294,768480.0,0.29,False,False
2025-07-14,habil,lunes,7,771882,90,155368,183736,104867,166195,73405,88311,768480.0,1.004,False,False
2025-07-15,habil,martes,7,818476,90,160213,195983,110103,176474,83050,92653,768480.0,1.065,False,False
2025-07-16,habil,miercoles,7,740269,90,142451,179893,98454,163913,72477,83081,768480.0,0.963,False,False
2025-07-17,habil,jueves,7,863658,90,170258,206867,115438,186629,87387,97079,768480.0,1.124,False,False
2025-07-18,habil,viernes,7,804953,90,156517,196257,110653,175582,72952,92992,768480.0,1.047,False,False
2025-07-19,sabado,sabado,7,418232,90,82440,108897,57898,89114,31089,48794,768480.0,0.544,False,False
2025-07-20,domingo,domingo,7,260145,90,42332,69193,35924,60109,21955,30632,768480.0,0.339,False,False
2025-07-21,habil,lunes,7,692011,90,131677,167348,100530,148538,66801,77117,768480.0,0.9,False,False
2025-07-22,habil,martes,7,723210,90,136796,179627,102125,159825,64514,80323,768480.0,0.941,False,False
2025-07-23,habil,miercoles,7,744968,90,137678,184021,107146,160931,72839,82353,768480.0,0.969,False,False
2025-07-24,habil,jueves,7,734150,90,136436,182521,105730,162861,64856,81746,768480.0,0.955,False,False
2025-07-25,habil,viernes,7,669309,90,123190,168651,97773,143809,61972,73914,768480.0,0.871,False,False
2025-07-26,sabado,sabado,7,392061,90,71718,104834,56400,85731,28178,45200,768480.0,0.51,False,False
2025-07-27,domingo,domingo,7,226148,90,34179,60599,34275,54826,17189,25080,768480.0,0.294,False,False
2025-07-28,habil,lunes,7,654681,90,124406,163375,99011,137436,58010,72443,768480.0,0.852,False,False
2025-07-29,habil,martes,7,705400,90,131563,178866,104042,151632,61404,77893,768480.0,0.918,False,False
2025-07-30,habil,miercoles,7,712314,90,132480,179426,106609,151404,63046,79349,768480.0,0.927,False,False
2025-07-31,habil,jueves,7,696948,90,132886,176973,99668,147151,61661,78609,768480.0,0.907,False,False
2025-08-01,habil,viernes,8,551531,90,113067,104422,87294,126408,52494,67846,792901.0,0.696,False,True
2025-08-02,sabado,sabado,8,380947,90,73219,102599,55724,76018,28240,45147,792901.0,0.48,False,False
2025-08-03,domingo,domingo,8,212226,90,34227,56599,32660,45863,18372,24505,792901.0,0.268,False,False
2025-08-04,habil,lunes,8,636672,90,123170,149296,91716,131826,69598,71066,792901.0,0.803,False,False
2025-08-05,habil,martes,8,787413,90,153285,187044,108276,168839,83514,86455,792901.0,0.993,False,False
2025-08-06,habil,miercoles,8,800230,90,154261,190405,108942,173258,83999,89365,792901.0,1.009,False,False
2025-08-07,habil,jueves,8,831818,90,161379,196192,114766,179033,89022,91426,792901.0,1.049,False,False
2025-08-08,habil,viernes,8,786551,90,153753,189950,107298,166657,79160,89733,792901.0,0.992,False,False
2025-08-09,sabado,sabado,8,392594,90,77439,107096,51328,79187,30641,46903,792901.0,0.495,False,False
2025-08-10,domingo,domingo,8,214101,90,34813,57473,27742,46559,19732,27782,792901.0,0.27,False,False
2025-08-11,habil,lunes,8,762978,89,149420,187049,100737,163309,78080,84383,792901.0,0.962,False,False
2025-08-12,habil,martes,8,834278,89,159893,203721,106367,182664,87865,93768,792901.0,1.052,False,False
2025-08-13,habil,miercoles,8,843247,89,159724,207315,106931,182903,89218,97156,792901.0,1.063,False,False
2025-08-14,habil,jueves,8,867897,89,165410,208472,110346,192763,89069,101837,792901.0,1.095,False,False
2025-08-15,habil,viernes,8,406536,89,74849,106018,57143,81211,37264,50051,792901.0,0.513,False,True
2025-08-16,sabado,sabado,8,348979,89,70108,94875,46043,69264,27104,41585,792901.0,0.44,False,False
2025-08-17,domingo,domingo,8,197803,89,31025,54109,28786,44466,17172,22245,792901.0,0.249,False,False
2025-08-18,habil,lunes,8,780383,89,150348,182118,106938,166092,83228,91659,792901.0,0.984,False,False
2025-08-19,habil,martes,8,684240,89,128125,156764,94793,146353,79595,78610,792901.0,0.863,False,False
2025-08-20,habil,miercoles,8,779829,89,147496,185929,104269,169199,84504,88432,792901.0,0.984,False,False
2025-08-21,habil,jueves,8,867712,89,164488,201979,117740,191096,90362,102047,792901.0,1.094,False,False
2025-08-22,habil,viernes,8,804496,89,154539,191432,109999,172793,81071,94662,792901.0,1.015,False,False
2025-08-23,sabado,sabado,8,382943,89,75231,100594,53406,77012,30903,45797,792901.0,0.483,False,False
2025-08-24,domingo,domingo,8,211923,89,35381,54491,32190,46546,18960,24355,792901.0,0.267,False,False
2025-08-25,habil,lunes,8,792901,88,153705,181002,109506,168801,84250,95637,792901.0,1.0,False,False
2025-08-26,habil,martes,8,829367,88,160387,188065,114186,179843,88751,98135,792901.0,1.046,False,False
2025-08-27,habil,miercoles,8,824796,88,158343,192084,113010,177087,87811,96461,792901.0,1.04,False,False
2025-08-28,habil,jueves,8,841802,88,160802,190640,114307,184556,89521,101976,792901.0,1.062,False,False
2025-08-29,habil,viernes,8,788772,88,154121,179923,109664,167806,81733,95525,792901.0,0.995,False,False
2025-08-30,sabado,sabado,8,356690,88,71387,90716,48608,71622,29878,44479,792901.0,0.45,False,False
2025-08-31,domingo,domingo,8,126080,88,19986,31464,20225,28051,11041,15313,792901.0,0.159,False,False
2025-09-01,habil,lunes,9,722818,87,140531,165794,98629,151573,78906,87385,802099.0,0.901,False,False
2025-09-02,habil,martes,9,814191,87,157720,186446,112136,171562,89071,97256,802099.0,1.015,False,False
2025-09-03,habil,miercoles,9,833737,87,159496,192593,112379,177494,90133,101642,802099.0,1.039,False,False
2025-09-04,habil,jueves,9,847249,87,161969,193649,114373,185183,89293,102782,802099.0,1.056,False,False
2025-09-05,habil,viernes,9,792041,87,155372,183397,110764,164544,81669,96295,802099.0,0.987,False,False
2025-09-06,sabado,sabado,9,375094,87,75679,95122,55064,72165,30431,46633,802099.0,0.468,False,False
2025-09-07,domingo,domingo,9,181392,87,31589,40942,29687,38863,17315,22996,802099.0,0.226,False,False
2025-09-08,habil,lunes,9,782925,87,152669,178126,108839,165210,84308,93773,802099.0,0.976,False,False
2025-09-09,habil,martes,9,825102,87,160235,189863,113041,178662,89737,93564,802099.0,1.029,False,False
2025-09-10,habil,miercoles,9,830974,87,164931,190706,111586,176274,90198,97279,802099.0,1.036,False,False
2025-09-11,habil,jueves,9,800691,87,154369,185687,109893,172661,81107,96974,802099.0,0.998,False,False
2025-09-12,habil,viernes,9,753951,87,153079,176122,106629,151571,78393,88157,802099.0,0.94,False,False
2025-09-13,sabado,sabado,9,367781,87,72580,93213,53571,71064,30330,47023,802099.0,0.459,False,False
2025-09-14,domingo,domingo,9,198463,87,34117,49622,30241,40869,18483,25131,802099.0,0.247,False,False
2025-09-15,habil,lunes,9,777748,86,151971,174671,105536,166241,85183,94146,802099.0,0.97,False,False
2025-09-16,habil,martes,9,813304,86,161389,183843,111161,171713,85655,99543,802099.0,1.014,False,False
2025-09-17,habil,miercoles,9,860357,86,174316,192167,123301,183007,91515,96051,802099.0,1.073,False,False
2025-09-18,habil,jueves,9,814107,86,160009,181709,111758,176837,86148,97646,802099.0,1.015,False,False
2025-09-19,habil,viernes,9,727008,86,139472,160495,104366,155051,78286,89338,802099.0,0.906,False,False
2025-09-20,sabado,sabado,9,314523,86,61572,78227,43730,63451,26789,40754,802099.0,0.392,False,False
2025-09-21,domingo,domingo,9,205542,86,33866,48334,32711,46934,18859,24838,802099.0,0.256,False,False
2025-09-22,habil,lunes,9,777897,86,152799,176069,101765,170668,81857,94739,802099.0,0.97,False,False
2025-09-23,habil,martes,9,804205,86,156441,183472,103731,176232,88905,95424,802099.0,1.003,False,False
2025-09-24,habil,miercoles,9,768971,86,155827,176082,92470,169555,83391,91646,802099.0,0.959,False,False
2025-09-25,habil,jueves,9,805370,86,159003,182377,102077,177246,88512,96155,802099.0,1.004,False,False
2025-09-26,habil,viernes,9,755274,86,152257,174177,92006,161760,79356,95718,802099.0,0.942,False,False
2025-09-27,sabado,sabado,9,313843,86,65295,79170,42324,62487,26379,38188,802099.0,0.391,False,False
2025-09-28,domingo,domingo,9,211686,86,35385,48386,32058,50108,19419,26330,802099.0,0.264,False,False
2025-09-29,habil,lunes,9,736193,86,144869,163660,100975,158053,78923,89713,802099.0,0.918,False,False
2025-09-30,habil,martes,9,803507,86,157377,180678,107667,173137,86775,97873,802099.0,1.002,False,False
2025-10-01,habil,miercoles,10,806624,86,159585,181349,108549,173489,87635,96017,774460.0,1.042,False,False
2025-10-02,habil,jueves,10,776537,86,154707,177801,107049,157282,83816,95882,774460.0,1.003,False,False
2025-10-03,habil,viernes,10,786421,86,159949,177479,107351,165063,79655,96924,774460.0,1.015,False,False
2025-10-04,sabado,sabado,10,373105,86,76547,88944,55029,73596,30755,48234,774460.0,0.482,False,False
2025-10-05,domingo,domingo,10,168691,86,28805,41811,26926,34833,15108,21208,774460.0,0.218,False,False
2025-10-06,habil,lunes,10,768341,85,147260,173972,108054,164140,80700,94215,774460.0,0.992,False,False
2025-10-07,habil,martes,10,750126,85,160142,115325,113913,182833,87534,90379,774460.0,0.969,False,False
2025-10-08,habil,miercoles,10,800580,85,155070,179296,112816,173906,85947,93545,774460.0,1.034,False,False
2025-10-09,habil,jueves,10,833269,85,160809,189260,114543,179340,87907,101410,774460.0,1.076,False,False
2025-10-10,habil,viernes,10,292454,85,57567,67891,41148,62847,24299,38702,774460.0,0.378,False,True
2025-10-11,sabado,sabado,10,342974,85,68541,84352,48076,68322,28371,45312,774460.0,0.443,False,False
2025-10-12,domingo,domingo,10,177282,85,28184,44329,27305,39884,15983,21597,774460.0,0.229,False,False
2025-10-13,habil,lunes,10,755919,85,144031,174669,99647,165155,80656,91761,774460.0,0.976,False,False
2025-10-14,habil,martes,10,786367,85,151556,176469,110217,171325,84149,92651,774460.0,1.015,False,False
2025-10-15,habil,miercoles,10,795645,85,153486,178894,108004,173879,86537,94845,774460.0,1.027,False,False
2025-10-16,habil,jueves,10,800569,85,155365,182907,110154,165394,87635,99114,774460.0,1.034,False,False
2025-10-17,habil,viernes,10,770294,85,144018,171959,109493,163149,84078,97597,774460.0,0.995,False,False
2025-10-18,sabado,sabado,10,375735,85,73553,91625,54283,72469,31903,51902,774460.0,0.485,False,False
2025-10-19,domingo,domingo,10,185396,85,30199,45270,29847,37924,17098,25058,774460.0,0.239,False,False
2025-10-20,habil,lunes,10,736495,84,137940,166105,104880,157237,80608,89725,774460.0,0.951,False,False
2025-10-21,habil,martes,10,753899,84,143160,172346,105963,159793,81640,90997,774460.0,0.973,False,False
2025-10-22,habil,miercoles,10,780816,84,146812,177365,102777,171817,86196,95849,774460.0,1.008,False,False
2025-10-23,habil,jueves,10,805452,85,148818,181446,109576,177778,87758,100076,774460.0,1.04,False,False
2025-10-24,habil,viernes,10,667198,84,122087,151463,95400,144875,71228,82145,774460.0,0.862,False,False
2025-10-25,sabado,sabado,10,276236,84,51085,69803,40596,55688,22518,36546,774460.0,0.357,False,False
2025-10-26,domingo,domingo,10,193026,84,32451,44410,29935,41338,19568,25324,774460.0,0.249,False,False
2025-10-27,habil,lunes,10,727323,84,135622,161878,103695,155218,79903,91007,774460.0,0.939,False,False
2025-10-28,habil,martes,10,785023,84,145303,177274,109335,171044,86777,95290,774460.0,1.014,False,False
2025-10-29,habil,miercoles,10,774228,84,144569,173728,107437,171111,86638,90745,774460.0,1.0,False,False
2025-10-30,habil,jueves,10,774460,84,147163,161825,110527,175986,84647,94312,774460.0,1.0,False,False
2025-10-31,habil,viernes,10,756810,84,141467,173052,108291,164788,76522,92690,774460.0,0.977,False,False
2025-11-01,sabado,sabado,11,448460,84,93785,109789,69624,90123,35631,49508,750173.5,0.598,False,False
2025-11-02,domingo,domingo,11,187821,84,29416,43925,28481,42247,17340,26412,750173.5,0.25,False,False
2025-11-03,habil,lunes,11,747737,84,139642,167317,105259,162744,81759,91016,750173.5,0.997,False,False
2025-11-04,habil,martes,11,753917,84,138326,171186,102753,166821,83028,91803,750173.5,1.005,False,False
2025-11-05,habil,miercoles,11,795564,84,148554,181230,107431,176160,87986,94203,750173.5,1.061,False,False
2025-11-06,habil,jueves,11,778004,84,142807,176306,107857,171172,82983,96879,750173.5,1.037,False,False
2025-11-07,habil,viernes,11,752269,84,134501,168404,113214,164325,81498,90327,750173.5,1.003,False,False
2025-11-08,sabado,sabado,11,308200,84,59926,68706,51326,63995,25829,38418,750173.5,0.411,False,False
2025-11-09,domingo,domingo,11,190242,84,30297,44477,32191,41584,18724,22969,750173.5,0.254,False,False
2025-11-10,habil,lunes,11,743163,83,136926,169487,104729,161312,79355,91354,750173.5,0.991,False,False
2025-11-11,habil,martes,11,782916,83,141565,177991,112287,170639,85909,94525,750173.5,1.044,False,False
2025-11-12,habil,miercoles,11,778491,83,142756,179246,107740,171901,84814,92034,750173.5,1.038,False,False
2025-11-13,habil,jueves,11,790537,83,143631,180684,109307,175251,86055,95609,750173.5,1.054,False,False
2025-11-14,habil,viernes,11,733535,83,134061,166431,105012,159245,78118,90668,750173.5,0.978,False,False
2025-11-15,sabado,sabado,11,373463,83,66263,91161,56380,81982,31272,46405,750173.5,0.498,False,False
2025-11-16,domingo,domingo,11,181668,83,26593,43355,29985,42607,16543,22585,750173.5,0.242,False,False
2025-11-17,habil,lunes,11,740895,83,134652,167828,104515,167050,77984,88866,750173.5,0.988,False,False
2025-11-18,habil,martes,11,773124,83,140374,177935,105806,171248,85259,92502,750173.5,1.031,False,False
2025-11-19,habil,miercoles,11,782917,83,145706,181930,108336,171294,84997,90654,750173.5,1.044,False,False
2025-11-20,habil,jueves,11,764807,83,133533,175198,111605,167961,86514,89996,750173.5,1.02,False,False
2025-11-21,habil,viernes,11,369986,83,63536,90496,57357,75583,35053,47961,750173.5,0.493,False,True
2025-11-22,sabado,sabado,11,351478,83,65507,92596,50784,70376,28807,43408,750173.5,0.469,False,False
2025-11-23,domingo,domingo,11,205255,83,31082,50315,30467,46740,20253,26398,750173.5,0.274,False,False
2025-11-24,habil,lunes,11,214872,83,37483,49764,36156,44853,20323,26293,750173.5,0.286,False,True
2025-11-25,habil,martes,11,742178,83,136630,173002,105317,158382,79270,89577,750173.5,0.989,False,False
2025-11-26,habil,miercoles,11,745160,83,138022,174569,102796,161270,78996,89507,750173.5,0.993,False,False
2025-11-27,habil,jueves,11,748078,83,136950,174864,99886,164477,81582,90319,750173.5,0.997,False,False
2025-11-28,habil,viernes,11,713729,84,133072,167802,100185,154666,72888,85116,750173.5,0.951,False,False
2025-11-29,sabado,sabado,11,297167,83,56688,74894,47397,55998,25323,36867,750173.5,0.396,False,False
2025-11-30,domingo,domingo,11,158182,83,25876,40335,24842,32371,15575,19183,750173.5,0.211,False,False
2025-12-01,habil,lunes,12,692043,84,131747,169455,97208,139377,70960,83296,720754.0,0.96,False,False
2025-12-02,habil,martes,12,745412,84,140489,178996,102410,160327,74684,88506,720754.0,1.034,False,False
2025-12-03,habil,miercoles,12,738687,84,138937,180607,101072,158322,73401,86348,720754.0,1.025,False,False
2025-12-04,habil,jueves,12,743857,84,139403,177334,101232,159373,75839,90676,720754.0,1.032,False,False
2025-12-05,habil,viernes,12,714263,84,129825,169194,104711,151877,68889,89767,720754.0,0.991,False,False
2025-12-06,sabado,sabado,12,363204,84,73728,92772,56000,66958,28000,45746,720754.0,0.504,False,False
2025-12-07,domingo,domingo,12,204639,84,32471,53867,32034,42559,18709,24999,720754.0,0.284,False,False
2025-12-08,habil,lunes,12,214966,84,39129,53692,34089,43259,17649,27148,720754.0,0.298,False,True
2025-12-09,habil,martes,12,734205,83,137092,165561,112138,156647,78012,84755,720754.0,1.019,False,False
2025-12-10,habil,miercoles,12,764667,83,144839,181319,105196,168935,75650,88728,720754.0,1.061,False,False
2025-12-11,habil,jueves,12,763188,83,143620,176987,106442,166482,81305,88352,720754.0,1.059,False,False
2025-12-12,habil,viernes,12,720754,84,137620,165651,104920,158902,67952,85709,720754.0,1.0,False,False
2025-12-13,sabado,sabado,12,362007,84,72595,87881,55414,70969,29577,45571,720754.0,0.502,False,False
2025-12-14,domingo,domingo,12,186386,84,29286,49069,27858,41543,16828,21802,720754.0,0.259,False,False
2025-12-15,habil,lunes,12,719452,84,138554,166683,103470,154621,73521,82603,720754.0,0.998,False,False
2025-12-16,habil,martes,12,747126,84,144371,173407,106326,163548,72154,87320,720754.0,1.037,False,False
2025-12-17,habil,miercoles,12,770147,84,149173,178577,108818,169027,77370,87182,720754.0,1.069,False,False
2025-12-18,habil,jueves,12,781717,84,143771,183221,117019,166217,83353,88136,720754.0,1.085,False,False
2025-12-19,habil,viernes,12,740772,84,145228,172633,105976,157583,72231,87121,720754.0,1.028,False,False
2025-12-20,sabado,sabado,12,369626,84,81324,91005,56958,66763,27254,46322,720754.0,0.513,False,False
2025-12-21,domingo,domingo,12,210588,84,39025,52033,32067,41154,18960,27349,720754.0,0.292,False,False
2025-12-22,habil,lunes,12,721163,84,150428,171328,103059,147959,65681,82708,720754.0,1.001,False,False
2025-12-23,habil,martes,12,692692,84,141499,163206,102900,139171,63521,82395,720754.0,0.961,False,False
2025-12-24,habil,miercoles,12,229127,84,47225,53747,34415,41300,19516,32924,720754.0,0.318,False,True
2025-12-25,habil,jueves,12,78816,84,12770,17898,15486,13962,8358,10342,720754.0,0.109,False,True
2025-12-26,habil,viernes,12,497088,84,98002,117264,78564,99267,45894,58097,720754.0,0.69,False,True
2025-12-27,sabado,sabado,12,259457,84,52352,61934,41871,47185,21766,34349,720754.0,0.36,False,False
2025-12-28,domingo,domingo,12,145236,84,24362,35028,23515,30108,13818,18405,720754.0,0.202,False,False
2025-12-29,habil,lunes,12,555125,84,114218,129422,86781,109405,51703,63596,720754.0,0.77,False,True
2025-12-30,habil,martes,12,523682,84,105411,119969,85846,101030,50403,61023,720754.0,0.727,False,True
2025-12-31,habil,miercoles,12,175978,84,35553,40416,28302,31774,15635,24298,720754.0,0.244,False,True
