nodo_id,linea,gtfs_stop_id,nombre,lat,lon,sentidos,orden_dir0,orden_dir1,n_andenes_gtfs,andenes_servidos,es_terminal,es_combinacion
LineaA:1076,LineaA,1076,Plaza de Mayo,-34.608695109514,-58.371493220293,01,1.0,17.0,2,2,True,False
LineaA:1075,LineaA,1075,Peru,-34.608559343180,-58.374563008418,01,2.0,16.0,2,2,False,True
LineaA:1074,LineaA,1074,Piedras,-34.608837932068,-58.378502407734,01,3.0,15.0,2,2,False,False
LineaA:1073,LineaA,1073,Lima,-34.609105721538,-58.382521122784,01,4.0,14.0,2,2,False,True
LineaA:1072,LineaA,1072,Saenz Peña,-34.609416989391,-58.386668153102,01,5.0,13.0,2,2,False,False
LineaA:1071,LineaA,1071,Congreso,-34.609241487037,-58.392670601487,01,6.0,12.0,2,2,False,False
LineaA:1069,LineaA,1069,Alberti,-34.609832012885,-58.400719910883,0,7.0,,1,1,True,False
LineaA:1068,LineaA,1068,Plaza Miserere,-34.609688,-58.406813889700,01,8.0,10.0,2,2,False,True
LineaA:1067,LineaA,1067,Loria,-34.610811060554,-58.415152877453,01,9.0,9.0,2,2,False,False
LineaA:1066,LineaA,1066,Castro Barros,-34.611763606902,-58.421728313005,01,10.0,8.0,2,2,False,False
LineaA:1065,LineaA,1065,Rio de Janeiro,-34.615111439413,-58.429285879212,01,11.0,7.0,2,2,False,False
LineaA:1064,LineaA,1064,Acoyte,-34.618036012360,-58.435862213379,01,12.0,6.0,2,2,False,False
LineaA:1063,LineaA,1063,Primera Junta,-34.620460192436,-58.441400975016,01,13.0,5.0,2,2,False,False
LineaA:1062,LineaA,1062,Puan,-34.623571847053,-58.448787778687,01,14.0,4.0,2,2,False,False
LineaA:1061,LineaA,1061,Carabobo,-34.626422392738,-58.456044495010,01,15.0,3.0,2,2,False,False
LineaA:1060,LineaA,1060,San Jose de Flores,-34.629054501979,-58.463536343831,01,16.0,2.0,2,2,False,False
LineaA:1059,LineaA,1059,San Pedrito,-34.630922591443,-58.470433205504,01,17.0,1.0,2,2,True,False
LineaA:1070,LineaA,1070,Pasco,-34.609664444429,-58.398340314029,1,,11.0,1,1,True,False
LineaB:1093,LineaB,1093,Leandro N. Alem,-34.602967313448,-58.369956314500,01,1.0,17.0,2,2,True,True
LineaB:1092,LineaB,1092,Florida,-34.603301786393,-58.374534845324,01,2.0,16.0,2,2,False,False
LineaB:1091,LineaB,1091,Carlos Pellegrini,-34.603701386103,-58.381378501576,01,3.0,15.0,2,2,False,True
LineaB:1090,LineaB,1090,Uruguay,-34.604046341872,-58.387106358997,01,4.0,14.0,2,2,False,False
LineaB:1089,LineaB,1089,Callao,-34.604457527748,-58.392845615810,01,5.0,13.0,2,2,False,False
LineaB:1088,LineaB,1088,Pasteur,-34.604623105662,-58.399357348627,01,6.0,12.0,2,2,False,False
LineaB:1087,LineaB,1087,Pueyrredon,-34.604613170616,-58.405234068657,01,7.0,11.0,2,2,False,True
LineaB:1086,LineaB,1086,Carlos Gardel,-34.604103190729,-58.411704897892,01,8.0,10.0,2,2,False,False
LineaB:1085,LineaB,1085,Medrano,-34.603139517524,-58.421303182836,01,9.0,9.0,2,2,False,False
LineaB:1083,LineaB,1083,angel Gallardo,-34.602156515827,-58.431022167144,01,10.0,8.0,2,2,False,False
LineaB:1084,LineaB,1084,Malabia,-34.599048472974,-58.439674973441,01,11.0,7.0,2,2,False,False
LineaB:1082,LineaB,1082,Dorrego,-34.591692697391,-58.447618335534,01,12.0,6.0,2,2,False,False
LineaB:1081,LineaB,1081,Federico Lacroze,-34.587565207891,-58.454097211372,01,13.0,5.0,2,2,False,False
LineaB:1080,LineaB,1080,Tronador - Villa Ortuzar,-34.584319159038,-58.465676307586,01,14.0,4.0,2,2,False,False
LineaB:1079,LineaB,1079,De Los Incas - Parque Chas,-34.581941400922,-58.472949117288,01,15.0,3.0,2,2,False,False
LineaB:1078,LineaB,1078,Echeverria,-34.577998380396,-58.480763733193,01,16.0,2.0,2,2,False,False
LineaB:1077,LineaB,1077,Juan Manuel de Rosas,-34.574011003989,-58.486718237493,01,17.0,1.0,2,2,True,False
LineaC:1102,LineaC,1102,Retiro,-34.591873756182,-58.374748081035,01,1.0,9.0,2,2,True,True
LineaC:1101,LineaC,1101,General San Martin,-34.594872221186,-58.377256616835,01,2.0,8.0,2,2,False,False
LineaC:1100,LineaC,1100,Lavalle,-34.601776224270,-58.378115594396,01,3.0,7.0,2,2,False,False
LineaC:1099,LineaC,1099,Diagonal Norte,-34.604795306773,-58.379235416539,01,4.0,6.0,2,2,False,True
LineaC:1098,LineaC,1098,Avenida de Mayo,-34.608990925758,-58.380681462661,01,5.0,5.0,2,2,False,True
LineaC:1097,LineaC,1097,Moreno,-34.612434686061,-58.380517847867,01,6.0,4.0,2,2,False,False
LineaC:1096,LineaC,1096,Independencia,-34.618060292427,-58.380236216020,01,7.0,3.0,2,2,False,True
LineaC:1095,LineaC,1095,San Juan,-34.622676270600,-58.379951566484,01,8.0,2.0,2,2,False,False
LineaC:1094,LineaC,1094,Constitucion,-34.627276542920,-58.381431475198,01,9.0,1.0,2,2,True,False
LineaD:1118,LineaD,1118,Catedral,-34.607624420959,-58.374257236745,01,1.0,16.0,2,2,True,True
LineaD:1117,LineaD,1117,9 de Julio,-34.604348245572,-58.380351886286,01,2.0,15.0,2,2,False,True
LineaD:1116,LineaD,1116,Tribunales,-34.601770705188,-58.384459018730,01,3.0,14.0,2,2,False,False
LineaD:1115,LineaD,1115,Callao,-34.599602641978,-58.392240107111,01,4.0,13.0,2,2,False,False
LineaD:1114,LineaD,1114,Facultad de Medicina,-34.599719656814,-58.397433534301,01,5.0,12.0,2,2,False,False
LineaD:1113,LineaD,1113,Pueyrredon,-34.594988137797,-58.403226435199,01,6.0,11.0,2,2,False,True
LineaD:1112,LineaD,1112,Agüero,-34.591698218136,-58.407092839478,01,7.0,10.0,2,2,False,False
LineaD:1111,LineaD,1111,Bulnes,-34.588258565847,-58.411264344992,01,8.0,9.0,2,2,False,False
LineaD:1110,LineaD,1110,Scalabrini Ortiz,-34.585185336263,-58.415824770871,01,9.0,8.0,2,2,False,False
LineaD:1109,LineaD,1109,Plaza Italia,-34.581660946057,-58.420978635617,01,10.0,7.0,2,2,False,False
LineaD:1108,LineaD,1108,Palermo,-34.578413560940,-58.425869643601,01,11.0,6.0,2,2,False,False
LineaD:1107,LineaD,1107,Ministro Carranza,-34.575205802166,-58.434726297831,01,12.0,5.0,2,2,False,False
LineaD:1106,LineaD,1106,Olleros,-34.570246506058,-58.444336652709,01,13.0,4.0,2,2,False,False
LineaD:1105,LineaD,1105,Jose Hernandez,-34.566267592324,-58.451968878529,01,14.0,3.0,2,2,False,False
LineaD:1104,LineaD,1104,Juramento,-34.562410402122,-58.456280529496,01,15.0,2.0,2,2,False,False
LineaD:1103,LineaD,1103,Congreso de Tucuman,-34.555987572378,-58.462078124285,01,16.0,1.0,2,2,True,False
LineaE:1164,LineaE,1164,Retiro,-34.59240278,-58.37627222,01,1.0,18.0,2,2,True,True
LineaE:1165,LineaE,1165,Catalinas,-34.59664167,-58.37190833,01,2.0,17.0,2,2,False,False
LineaE:1166,LineaE,1166,Correo Central,-34.603125,-58.37019444,01,3.0,16.0,2,2,False,True
LineaE:1119,LineaE,1119,Bolivar,-34.609575380822,-58.374049365518,01,4.0,15.0,2,2,False,True
LineaE:1120,LineaE,1120,Belgrano,-34.613410392420,-58.378220200429,01,5.0,14.0,2,2,False,False
LineaE:1121,LineaE,1121,Independencia,-34.618001797393,-58.380904421063,01,6.0,13.0,2,2,False,True
LineaE:1122,LineaE,1122,San Jose,-34.622367261066,-58.385392427497,01,7.0,12.0,2,2,False,False
LineaE:1123,LineaE,1123,Entre Rios,-34.622759595691,-58.391514569428,01,8.0,11.0,2,2,False,False
LineaE:1124,LineaE,1124,Pichincha,-34.623133717895,-58.397111669159,01,9.0,10.0,2,2,False,False
LineaE:1125,LineaE,1125,Jujuy,-34.623878647026,-58.402829468279,01,10.0,9.0,2,2,False,True
LineaE:1126,LineaE,1126,General Urquiza,-34.624681784582,-58.409617468688,01,11.0,8.0,2,2,False,False
LineaE:1127,LineaE,1127,Boedo,-34.625545058485,-58.416628092456,01,12.0,7.0,2,2,False,False
LineaE:1128,LineaE,1128,La Plata,-34.626836228126,-58.425610810552,01,13.0,6.0,2,2,False,False
LineaE:1129,LineaE,1129,Jose Maria Moreno,-34.628084339372,-58.434297814982,01,14.0,5.0,2,2,False,False
LineaE:1130,LineaE,1130,Emilio Mitre,-34.631632139071,-58.442524820568,01,15.0,4.0,2,2,False,False
LineaE:1131,LineaE,1131,Medalla Milagrosa,-34.636250121811,-58.450398445176,01,16.0,3.0,2,2,False,False
LineaE:1132,LineaE,1132,Varela,-34.639566964307,-58.457848280500,01,17.0,2.0,2,2,False,False
LineaE:1133,LineaE,1133,Plaza de los Virreyes,-34.642770031936,-58.461445122984,01,18.0,1.0,2,2,True,False
LineaH:1163,LineaH,1163,Facultad de Derecho,-34.583194029760,-58.391207324196,01,1.0,12.0,2,2,True,False
LineaH:1162,LineaH,1162,Las Heras,-34.588062575386,-58.39804479425,01,2.0,11.0,2,2,False,False
LineaH:1161,LineaH,1161,Santa Fe,-34.594856588906,-58.402459654070,01,3.0,10.0,2,2,False,True
LineaH:1160,LineaH,1160,Cordoba,-34.598686142195,-58.403805105041,01,4.0,9.0,2,2,False,False
LineaH:1141,LineaH,1141,Corrientes,-34.603923811372,-58.405317217086,01,5.0,8.0,2,2,False,True
LineaH:1140,LineaH,1140,Once,-34.609147664305,-58.406046778011,01,6.0,7.0,2,2,False,True
LineaH:1139,LineaH,1139,Venezuela,-34.615227118506,-58.404758647205,01,7.0,6.0,2,2,False,False
LineaH:1138,LineaH,1138,Humberto 1,-34.623116366744,-58.402322201144,01,8.0,5.0,2,2,False,True
LineaH:1137,LineaH,1137,Inclan,-34.629351188776,-58.400986790654,01,9.0,4.0,2,2,False,False
LineaH:1136,LineaH,1136,Caseros,-34.635265854589,-58.399158865153,01,10.0,3.0,2,2,False,False
LineaH:1135,LineaH,1135,Parque Patricios,-34.638460262593,-58.406328409852,01,11.0,2.0,2,2,False,False
LineaH:1134,LineaH,1134,Hospitales,-34.641752739715,-58.412673175271,01,12.0,1.0,2,2,True,False
