tipo,de_nodo,a_nodo,linea,direction_id,orden,t_s,t_detencion_s,km,de_anden,a_anden
tramo,LineaA:1076,LineaA:1075,LineaA,0,1.0,34,24.0,0.28,1076S,1075S
tramo,LineaA:1075,LineaA:1074,LineaA,0,2.0,44,24.0,0.37,1075S,1074S
tramo,LineaA:1074,LineaA:1073,LineaA,0,3.0,45,24.0,0.37,1074S,1073S
tramo,LineaA:1073,LineaA:1072,LineaA,0,4.0,46,24.0,0.38,1073S,1072S
tramo,LineaA:1072,LineaA:1071,LineaA,0,5.0,68,24.0,0.56,1072S,1071S
tramo,LineaA:1071,LineaA:1069,LineaA,0,6.0,90,24.0,0.74,1071S,1069S
tramo,LineaA:1069,LineaA:1068,LineaA,0,7.0,52,24.0,0.56,1069S,1068S
tramo,LineaA:1068,LineaA:1067,LineaA,0,8.0,113,24.0,0.79,1068S,1067S
tramo,LineaA:1067,LineaA:1066,LineaA,0,9.0,75,24.0,0.62,1067S,1066S
tramo,LineaA:1066,LineaA:1065,LineaA,0,10.0,96,24.0,0.79,1066S,1065S
tramo,LineaA:1065,LineaA:1064,LineaA,0,11.0,83,24.0,0.68,1065S,1064S
tramo,LineaA:1064,LineaA:1063,LineaA,0,12.0,69,24.0,0.58,1064S,1063S
tramo,LineaA:1063,LineaA:1062,LineaA,0,13.0,92,24.0,0.76,1063S,1062S
tramo,LineaA:1062,LineaA:1061,LineaA,0,14.0,89,24.0,0.74,1062S,1061S
tramo,LineaA:1061,LineaA:1060,LineaA,0,15.0,92,24.0,0.75,1061S,1060S
tramo,LineaA:1060,LineaA:1059,LineaA,0,16.0,81,24.0,0.66,1060S,1059S
tramo,LineaA:1059,LineaA:1060,LineaA,1,1.0,81,24.0,0.66,1059N,1060N
tramo,LineaA:1060,LineaA:1061,LineaA,1,2.0,92,24.0,0.75,1060N,1061N
tramo,LineaA:1061,LineaA:1062,LineaA,1,3.0,89,24.0,0.74,1061N,1062N
tramo,LineaA:1062,LineaA:1063,LineaA,1,4.0,92,24.0,0.76,1062N,1063N
tramo,LineaA:1063,LineaA:1064,LineaA,1,5.0,69,24.0,0.58,1063N,1064N
tramo,LineaA:1064,LineaA:1065,LineaA,1,6.0,83,24.0,0.68,1064N,1065N
tramo,LineaA:1065,LineaA:1066,LineaA,1,7.0,96,24.0,0.79,1065N,1066N
tramo,LineaA:1066,LineaA:1067,LineaA,1,8.0,75,24.0,0.62,1066N,1067N
tramo,LineaA:1067,LineaA:1068,LineaA,1,9.0,113,24.0,0.79,1067N,1068N
tramo,LineaA:1068,LineaA:1070,LineaA,1,10.0,79,24.0,0.78,1068N,1070N
tramo,LineaA:1070,LineaA:1071,LineaA,1,11.0,63,24.0,0.52,1070N,1071N
tramo,LineaA:1071,LineaA:1072,LineaA,1,12.0,68,24.0,0.56,1071N,1072N
tramo,LineaA:1072,LineaA:1073,LineaA,1,13.0,46,24.0,0.38,1072N,1073N
tramo,LineaA:1073,LineaA:1074,LineaA,1,14.0,45,24.0,0.37,1073N,1074N
tramo,LineaA:1074,LineaA:1075,LineaA,1,15.0,44,24.0,0.37,1074N,1075N
tramo,LineaA:1075,LineaA:1076,LineaA,1,16.0,34,24.0,0.28,1075N,1076N
tramo,LineaB:1093,LineaB:1092,LineaB,0,1.0,43,24.0,0.4,1093S,1092S
tramo,LineaB:1092,LineaB:1091,LineaB,0,2.0,65,24.0,0.63,1092S,1091S
tramo,LineaB:1091,LineaB:1090,LineaB,0,3.0,55,24.0,0.53,1091S,1090S
tramo,LineaB:1090,LineaB:1089,LineaB,0,4.0,55,24.0,0.53,1090S,1089S
tramo,LineaB:1089,LineaB:1088,LineaB,0,5.0,62,24.0,0.6,1089S,1088S
tramo,LineaB:1088,LineaB:1087,LineaB,0,6.0,56,24.0,0.54,1088S,1087S
tramo,LineaB:1087,LineaB:1086,LineaB,0,7.0,64,24.0,0.6,1087S,1086S
tramo,LineaB:1086,LineaB:1085,LineaB,0,8.0,93,24.0,0.89,1086S,1085S
tramo,LineaB:1085,LineaB:1083,LineaB,0,9.0,93,24.0,0.89,1085S,1083S
tramo,LineaB:1083,LineaB:1084,LineaB,0,10.0,92,24.0,0.89,1083S,1084S
tramo,LineaB:1084,LineaB:1082,LineaB,0,11.0,114,24.0,1.09,1084S,1082S
tramo,LineaB:1082,LineaB:1081,LineaB,0,12.0,79,24.0,0.76,1082S,1081S
tramo,LineaB:1081,LineaB:1080,LineaB,0,13.0,117,24.0,1.13,1081S,1080S
tramo,LineaB:1080,LineaB:1079,LineaB,0,14.0,75,24.0,0.71,1080S,1079S
tramo,LineaB:1079,LineaB:1078,LineaB,0,15.0,91,24.0,0.87,1079S,1078S
tramo,LineaB:1078,LineaB:1077,LineaB,0,16.0,73,24.0,0.71,1078S,1077S
tramo,LineaB:1077,LineaB:1078,LineaB,1,1.0,73,24.0,0.71,1077N,1078N
tramo,LineaB:1078,LineaB:1079,LineaB,1,2.0,91,24.0,0.87,1078N,1079N
tramo,LineaB:1079,LineaB:1080,LineaB,1,3.0,75,24.0,0.71,1079N,1080N
tramo,LineaB:1080,LineaB:1081,LineaB,1,4.0,117,24.0,1.13,1080N,1081N
tramo,LineaB:1081,LineaB:1082,LineaB,1,5.0,79,24.0,0.76,1081N,1082N
tramo,LineaB:1082,LineaB:1084,LineaB,1,6.0,114,24.0,1.09,1082N,1084N
tramo,LineaB:1084,LineaB:1083,LineaB,1,7.0,92,24.0,0.89,1084N,1083N
tramo,LineaB:1083,LineaB:1085,LineaB,1,8.0,93,24.0,0.89,1083N,1085N
tramo,LineaB:1085,LineaB:1086,LineaB,1,9.0,93,24.0,0.89,1085N,1086N
tramo,LineaB:1086,LineaB:1087,LineaB,1,10.0,64,24.0,0.6,1086N,1087N
tramo,LineaB:1087,LineaB:1088,LineaB,1,11.0,56,24.0,0.54,1087N,1088N
tramo,LineaB:1088,LineaB:1089,LineaB,1,12.0,62,24.0,0.6,1088N,1089N
tramo,LineaB:1089,LineaB:1090,LineaB,1,13.0,55,24.0,0.53,1089N,1090N
tramo,LineaB:1090,LineaB:1091,LineaB,1,14.0,55,24.0,0.53,1090N,1091N
tramo,LineaB:1091,LineaB:1092,LineaB,1,15.0,65,24.0,0.63,1091N,1092N
tramo,LineaB:1092,LineaB:1093,LineaB,1,16.0,43,24.0,0.4,1092N,1093N
tramo,LineaC:1102,LineaC:1101,LineaC,0,1.0,54,24.0,0.41,1102E,1101E
tramo,LineaC:1101,LineaC:1100,LineaC,0,2.0,111,24.0,0.8,1101E,1100E
tramo,LineaC:1100,LineaC:1099,LineaC,0,3.0,57,24.0,0.41,1100E,1099E
tramo,LineaC:1099,LineaC:1098,LineaC,0,4.0,76,24.0,0.56,1099E,1098E
tramo,LineaC:1098,LineaC:1097,LineaC,0,5.0,54,24.0,0.38,1098E,1097E
tramo,LineaC:1097,LineaC:1096,LineaC,0,6.0,85,24.0,0.63,1097E,1096E
tramo,LineaC:1096,LineaC:1095,LineaC,0,7.0,71,24.0,0.51,1096E,1095E
tramo,LineaC:1095,LineaC:1094,LineaC,0,8.0,75,24.0,0.55,1095E,1094E
tramo,LineaC:1094,LineaC:1095,LineaC,1,1.0,75,24.0,0.55,1094O,1095O
tramo,LineaC:1095,LineaC:1096,LineaC,1,2.0,71,24.0,0.51,1095O,1096O
tramo,LineaC:1096,LineaC:1097,LineaC,1,3.0,85,24.0,0.63,1096O,1097O
tramo,LineaC:1097,LineaC:1098,LineaC,1,4.0,54,24.0,0.38,1097O,1098O
tramo,LineaC:1098,LineaC:1099,LineaC,1,5.0,76,24.0,0.56,1098O,1099O
tramo,LineaC:1099,LineaC:1100,LineaC,1,6.0,57,24.0,0.41,1099O,1100O
tramo,LineaC:1100,LineaC:1101,LineaC,1,7.0,111,24.0,0.8,1100O,1101O
tramo,LineaC:1101,LineaC:1102,LineaC,1,8.0,54,24.0,0.41,1101O,1102O
tramo,LineaD:1118,LineaD:1117,LineaD,0,1.0,77,24.0,0.67,1118S,1117S
tramo,LineaD:1117,LineaD:1116,LineaD,0,2.0,55,24.0,0.48,1117S,1116S
tramo,LineaD:1116,LineaD:1115,LineaD,0,3.0,95,24.0,0.81,1116S,1115S
tramo,LineaD:1115,LineaD:1114,LineaD,0,4.0,54,24.0,0.47,1115S,1114S
tramo,LineaD:1114,LineaD:1113,LineaD,0,5.0,96,24.0,0.83,1114S,1113S
tramo,LineaD:1113,LineaD:1112,LineaD,0,6.0,60,24.0,0.52,1113S,1112S
tramo,LineaD:1112,LineaD:1111,LineaD,0,7.0,62,24.0,0.54,1112S,1111S
tramo,LineaD:1111,LineaD:1110,LineaD,0,8.0,63,24.0,0.54,1111S,1110S
tramo,LineaD:1110,LineaD:1109,LineaD,0,9.0,70,24.0,0.61,1110S,1109S
tramo,LineaD:1109,LineaD:1108,LineaD,0,10.0,66,24.0,0.58,1109S,1108S
tramo,LineaD:1108,LineaD:1107,LineaD,0,11.0,104,24.0,0.89,1108S,1107S
tramo,LineaD:1107,LineaD:1106,LineaD,0,12.0,121,24.0,1.04,1107S,1106S
tramo,LineaD:1106,LineaD:1105,LineaD,0,13.0,96,24.0,0.83,1106S,1105S
tramo,LineaD:1105,LineaD:1104,LineaD,0,14.0,67,24.0,0.59,1105S,1104S
tramo,LineaD:1104,LineaD:1103,LineaD,0,15.0,105,24.0,0.89,1104S,1103S
tramo,LineaD:1103,LineaD:1104,LineaD,1,1.0,105,24.0,0.89,1103N,1104N
tramo,LineaD:1104,LineaD:1105,LineaD,1,2.0,67,24.0,0.59,1104N,1105N
tramo,LineaD:1105,LineaD:1106,LineaD,1,3.0,96,24.0,0.83,1105N,1106N
tramo,LineaD:1106,LineaD:1107,LineaD,1,4.0,121,24.0,1.04,1106N,1107N
tramo,LineaD:1107,LineaD:1108,LineaD,1,5.0,104,24.0,0.89,1107N,1108N
tramo,LineaD:1108,LineaD:1109,LineaD,1,6.0,66,24.0,0.58,1108N,1109N
tramo,LineaD:1109,LineaD:1110,LineaD,1,7.0,70,24.0,0.61,1109N,1110N
tramo,LineaD:1110,LineaD:1111,LineaD,1,8.0,63,24.0,0.54,1110N,1111N
tramo,LineaD:1111,LineaD:1112,LineaD,1,9.0,62,24.0,0.54,1111N,1112N
tramo,LineaD:1112,LineaD:1113,LineaD,1,10.0,60,24.0,0.52,1112N,1113N
tramo,LineaD:1113,LineaD:1114,LineaD,1,11.0,96,24.0,0.83,1113N,1114N
tramo,LineaD:1114,LineaD:1115,LineaD,1,12.0,54,24.0,0.47,1114N,1115N
tramo,LineaD:1115,LineaD:1116,LineaD,1,13.0,95,24.0,0.81,1115N,1116N
tramo,LineaD:1116,LineaD:1117,LineaD,1,14.0,55,24.0,0.48,1116N,1117N
tramo,LineaD:1117,LineaD:1118,LineaD,1,15.0,77,24.0,0.67,1117N,1118N
tramo,LineaE:1164,LineaE:1165,LineaE,0,1.0,66,24.0,0.49,1164S,1165S
tramo,LineaE:1165,LineaE:1166,LineaE,0,2.0,68,24.0,0.82,1165S,1166S
tramo,LineaE:1166,LineaE:1119,LineaE,0,3.0,84,24.0,0.91,1166S,1119S
tramo,LineaE:1119,LineaE:1120,LineaE,0,4.0,66,24.0,0.9,1119S,1120S
tramo,LineaE:1120,LineaE:1121,LineaE,0,5.0,59,24.0,0.81,1120S,1121S
tramo,LineaE:1121,LineaE:1122,LineaE,0,6.0,60,24.0,0.83,1121S,1122S
tramo,LineaE:1122,LineaE:1123,LineaE,0,7.0,72,24.0,0.65,1122S,1123S
tramo,LineaE:1123,LineaE:1124,LineaE,0,8.0,75,24.0,0.63,1123S,1124S
tramo,LineaE:1124,LineaE:1125,LineaE,0,9.0,97,24.0,0.53,1124S,1125S
tramo,LineaE:1125,LineaE:1126,LineaE,0,10.0,92,24.0,0.52,1125S,1126S
tramo,LineaE:1126,LineaE:1127,LineaE,0,11.0,103,24.0,0.56,1126S,1127S
tramo,LineaE:1127,LineaE:1128,LineaE,0,12.0,105,24.0,0.72,1127S,1128S
tramo,LineaE:1128,LineaE:1129,LineaE,0,13.0,93,24.0,0.6,1128S,1129S
tramo,LineaE:1129,LineaE:1130,LineaE,0,14.0,56,24.0,0.57,1129S,1130S
tramo,LineaE:1130,LineaE:1131,LineaE,0,15.0,82,24.0,0.81,1130S,1131S
tramo,LineaE:1131,LineaE:1132,LineaE,0,16.0,85,24.0,0.74,1131S,1132S
tramo,LineaE:1132,LineaE:1133,LineaE,0,17.0,73,24.0,0.62,1132S,1133S
tramo,LineaE:1133,LineaE:1132,LineaE,1,1.0,73,24.0,0.62,1133N,1132N
tramo,LineaE:1132,LineaE:1131,LineaE,1,2.0,85,24.0,0.74,1132N,1131N
tramo,LineaE:1131,LineaE:1130,LineaE,1,3.0,82,24.0,0.81,1131N,1130N
tramo,LineaE:1130,LineaE:1129,LineaE,1,4.0,56,24.0,0.57,1130N,1129N
tramo,LineaE:1129,LineaE:1128,LineaE,1,5.0,93,24.0,0.6,1129N,1128N
tramo,LineaE:1128,LineaE:1127,LineaE,1,6.0,105,24.0,0.72,1128N,1127N
tramo,LineaE:1127,LineaE:1126,LineaE,1,7.0,103,24.0,0.56,1127N,1126N
tramo,LineaE:1126,LineaE:1125,LineaE,1,8.0,92,24.0,0.52,1126N,1125N
tramo,LineaE:1125,LineaE:1124,LineaE,1,9.0,97,24.0,0.53,1125N,1124N
tramo,LineaE:1124,LineaE:1123,LineaE,1,10.0,75,24.0,0.63,1124N,1123N
tramo,LineaE:1123,LineaE:1122,LineaE,1,11.0,72,24.0,0.65,1123N,1122N
tramo,LineaE:1122,LineaE:1121,LineaE,1,12.0,60,24.0,0.83,1122N,1121N
tramo,LineaE:1121,LineaE:1120,LineaE,1,13.0,59,24.0,0.81,1121N,1120N
tramo,LineaE:1120,LineaE:1119,LineaE,1,14.0,66,24.0,0.9,1120N,1119N
tramo,LineaE:1119,LineaE:1166,LineaE,1,15.0,84,24.0,0.91,1119N,1166N
tramo,LineaE:1166,LineaE:1165,LineaE,1,16.0,68,24.0,0.82,1166N,1165N
tramo,LineaE:1165,LineaE:1164,LineaE,1,17.0,66,24.0,0.49,1165N,1164N
tramo,LineaH:1163,LineaH:1162,LineaH,0,1.0,75,24.0,0.67,1163E,1162E
tramo,LineaH:1162,LineaH:1161,LineaH,0,2.0,100,24.0,0.9,1162E,1161E
tramo,LineaH:1161,LineaH:1160,LineaH,0,3.0,49,24.0,0.44,1161E,1160E
tramo,LineaH:1160,LineaH:1141,LineaH,0,4.0,66,24.0,0.59,1160E,1141E
tramo,LineaH:1141,LineaH:1140,LineaH,0,5.0,66,24.0,0.59,1141E,1140E
tramo,LineaH:1140,LineaH:1139,LineaH,0,6.0,76,24.0,0.68,1140E,1139E
tramo,LineaH:1139,LineaH:1138,LineaH,0,7.0,101,24.0,0.91,1139E,1138E
tramo,LineaH:1138,LineaH:1137,LineaH,0,8.0,78,24.0,0.7,1138E,1137E
tramo,LineaH:1137,LineaH:1136,LineaH,0,9.0,76,24.0,0.68,1137E,1136E
tramo,LineaH:1136,LineaH:1135,LineaH,0,10.0,97,24.0,0.87,1136E,1135E
tramo,LineaH:1135,LineaH:1134,LineaH,0,11.0,88,24.0,0.79,1135E,1134E
tramo,LineaH:1134,LineaH:1135,LineaH,1,1.0,88,24.0,0.79,1134O,1135O
tramo,LineaH:1135,LineaH:1136,LineaH,1,2.0,97,24.0,0.87,1135O,1136O
tramo,LineaH:1136,LineaH:1137,LineaH,1,3.0,76,24.0,0.68,1136O,1137O
tramo,LineaH:1137,LineaH:1138,LineaH,1,4.0,78,24.0,0.7,1137O,1138O
tramo,LineaH:1138,LineaH:1139,LineaH,1,5.0,101,24.0,0.91,1138O,1139O
tramo,LineaH:1139,LineaH:1140,LineaH,1,6.0,76,24.0,0.68,1139O,1140O
tramo,LineaH:1140,LineaH:1141,LineaH,1,7.0,66,24.0,0.59,1140O,1141O
tramo,LineaH:1141,LineaH:1160,LineaH,1,8.0,66,24.0,0.59,1141O,1160O
tramo,LineaH:1160,LineaH:1161,LineaH,1,9.0,49,24.0,0.44,1160O,1161O
tramo,LineaH:1161,LineaH:1162,LineaH,1,10.0,100,24.0,0.9,1161O,1162O
tramo,LineaH:1162,LineaH:1163,LineaH,1,11.0,75,24.0,0.67,1162O,1163O
transbordo,LineaA:1068,LineaH:1140,,,,163,,,,
transbordo,LineaA:1073,LineaC:1098,,,,159,,,,
transbordo,LineaA:1075,LineaD:1118,,,,150,,,,
transbordo,LineaA:1075,LineaE:1119,,,,151,,,,
transbordo,LineaB:1087,LineaH:1141,,,,110,,,,
transbordo,LineaB:1091,LineaC:1099,,,,243,,,,
transbordo,LineaB:1091,LineaD:1117,,,,105,,,,
transbordo,LineaB:1093,LineaE:1166,,,,58,,,,
transbordo,LineaC:1096,LineaE:1121,,,,118,,,,
transbordo,LineaC:1098,LineaA:1073,,,,171,,,,
transbordo,LineaC:1099,LineaB:1091,,,,243,,,,
transbordo,LineaC:1099,LineaD:1117,,,,72,,,,
transbordo,LineaC:1102,LineaE:1164,,,,180,,,,
transbordo,LineaD:1113,LineaH:1161,,,,90,,,,
transbordo,LineaD:1117,LineaB:1091,,,,99,,,,
transbordo,LineaD:1117,LineaC:1099,,,,72,,,,
transbordo,LineaD:1118,LineaA:1075,,,,150,,,,
transbordo,LineaD:1118,LineaE:1119,,,,220,,,,
transbordo,LineaE:1119,LineaA:1075,,,,154,,,,
transbordo,LineaE:1119,LineaD:1118,,,,220,,,,
transbordo,LineaE:1121,LineaC:1096,,,,120,,,,
transbordo,LineaE:1125,LineaH:1138,,,,141,,,,
transbordo,LineaE:1164,LineaC:1102,,,,180,,,,
transbordo,LineaE:1166,LineaB:1093,,,,64,,,,
transbordo,LineaH:1138,LineaE:1125,,,,141,,,,
transbordo,LineaH:1140,LineaA:1068,,,,168,,,,
transbordo,LineaH:1141,LineaB:1087,,,,116,,,,
transbordo,LineaH:1161,LineaD:1113,,,,112,,,,
