linea,cabecera,hora,n,mediana,media,p10,p90,minimo,maximo,desvio
A,A,5,1938,252.0,182.7,0.0,361.0,0.0,624.0,158.6
A,A,6,3088,255.0,264.5,174.0,364.0,85.0,660.0,76.0
A,A,7,3984,191.0,201.5,142.0,276.0,79.0,613.0,55.9
A,A,8,4139,187.0,193.2,135.0,257.0,80.0,630.0,49.8
A,A,9,4194,187.0,190.5,130.0,251.0,83.0,551.0,50.9
A,A,10,3603,212.0,220.4,143.0,309.0,56.0,631.0,67.3
A,A,11,3347,229.0,236.0,164.0,315.0,86.0,618.0,63.4
A,A,12,3328,233.0,241.0,175.0,315.3,86.0,702.0,59.5
A,A,13,3306,231.0,238.6,171.0,313.5,77.0,561.0,58.9
A,A,14,3709,202.0,213.9,149.0,291.0,87.0,703.0,61.7
A,A,15,4104,185.0,197.3,139.0,262.0,83.0,7612.0,138.7
A,A,16,4060,185.0,195.5,138.0,262.0,88.0,1470.0,56.5
A,A,17,4002,187.0,198.7,142.0,268.0,0.0,666.0,55.8
A,A,18,4043,187.0,196.9,141.0,262.0,31.0,707.0,54.2
A,A,19,4015,187.0,198.4,140.0,271.0,77.0,778.0,56.9
A,A,20,3358,225.0,235.4,160.0,324.0,79.0,823.0,68.8
A,A,21,2510,313.0,315.1,210.0,420.0,88.0,794.0,83.0
A,A,22,2309,329.0,337.6,269.0,412.0,113.0,852.0,67.6
A,A,23,205,334.0,327.4,226.4,403.8,130.0,551.0,76.6
A,D,5,1813,272.0,197.2,0.0,366.8,0.0,750.0,162.0
A,D,6,2660,303.0,306.0,215.0,394.0,62.0,1889.0,83.3
A,D,7,3535,226.0,227.3,151.0,299.0,85.0,882.0,61.8
A,D,8,4114,182.0,193.8,135.0,267.7,89.0,628.0,55.7
A,D,9,4226,179.0,188.4,132.5,259.5,89.0,493.0,53.3
A,D,10,4008,185.0,199.2,136.0,279.0,97.0,633.0,61.3
A,D,11,3384,231.0,234.2,144.0,326.0,16.0,882.0,74.3
A,D,12,3324,235.0,240.4,147.0,341.7,107.0,716.0,77.1
A,D,13,3298,239.0,241.3,150.0,333.0,92.0,602.0,72.1
A,D,14,3366,231.0,235.0,147.0,324.0,53.0,1023.0,74.0
A,D,15,4032,183.0,199.4,135.0,273.0,97.0,7501.0,143.4
A,D,16,4110,179.0,193.8,136.0,270.0,91.0,1311.0,60.4
A,D,17,3984,187.0,200.6,141.0,272.0,103.0,1224.0,62.3
A,D,18,4036,187.0,197.2,144.0,263.0,0.0,647.0,49.2
A,D,19,4073,183.0,195.8,143.0,266.0,105.0,849.0,54.4
A,D,20,3746,197.0,210.4,144.0,286.5,110.0,744.0,61.7
A,D,21,2893,264.0,270.8,165.0,381.8,111.0,769.0,85.0
A,D,22,2494,327.0,332.0,254.0,405.7,112.0,765.0,71.1
A,D,23,1124,339.0,352.6,282.3,435.0,61.0,770.0,72.8
B,A,0,179,660.0,692.9,467.6,965.0,293.0,1612.0,218.0
B,A,1,61,789.0,806.4,600.0,1140.0,346.0,1680.0,235.2
B,A,5,1935,280.0,423.8,0.0,399.0,0.0,16127.0,1870.4
B,A,6,2497,309.0,316.0,229.0,410.0,105.0,1307.0,79.9
B,A,7,3007,257.0,265.7,184.0,350.0,81.0,1123.0,73.5
B,A,8,3115,244.0,255.2,173.0,340.0,83.0,1020.0,77.4
B,A,9,3125,244.0,253.5,166.4,345.6,0.0,1186.0,78.0
B,A,10,2948,261.0,269.9,179.0,362.0,103.0,1373.0,80.2
B,A,11,2850,268.0,279.4,193.0,371.1,79.0,1139.0,80.5
B,A,12,2864,266.5,278.0,189.0,374.0,93.0,967.0,80.1
B,A,13,2825,268.0,278.3,185.4,373.0,77.0,1195.0,83.9
B,A,14,3096,244.0,254.8,157.0,351.0,80.0,1812.0,91.3
B,A,15,3137,242.0,253.6,157.0,343.0,81.0,7495.0,168.2
B,A,16,3143,239.0,249.5,155.0,349.8,0.0,994.0,83.3
B,A,17,3172,236.5,246.3,150.0,351.0,73.0,877.0,83.2
B,A,18,3056,244.0,256.0,153.0,365.0,66.0,871.0,90.5
B,A,19,3012,253.0,263.4,156.0,375.9,60.0,4763.0,123.5
B,A,20,2661,285.0,297.5,180.0,425.0,77.0,1336.0,105.2
B,A,21,2560,297.0,306.5,190.0,431.0,83.0,1754.0,103.1
B,A,22,2110,359.0,369.5,240.0,506.0,52.0,1382.0,116.7
B,A,23,426,521.0,526.2,290.0,780.0,113.0,1348.0,200.8
B,D,0,186,657.0,689.8,420.0,1020.0,180.0,1560.0,236.2
B,D,1,170,720.0,760.4,420.0,1086.4,202.0,2098.0,288.9
B,D,2,1,1680.0,1680.0,1680.0,1680.0,1680.0,1680.0,
B,D,5,1792,212.5,512.2,0.0,443.0,0.0,14208.0,2039.2
B,D,6,2227,355.0,360.0,254.0,468.0,109.0,1148.0,94.8
B,D,7,2760,279.0,291.7,185.0,405.0,32.0,1142.0,96.2
B,D,8,3045,249.0,263.9,166.0,371.0,55.0,1165.0,90.5
B,D,9,3165,237.0,253.4,158.0,361.6,18.0,866.0,88.7
B,D,10,3096,243.0,257.4,166.0,358.5,35.0,929.0,85.4
B,D,11,2889,267.0,276.1,180.8,376.0,104.0,1158.0,85.1
B,D,12,2833,267.0,279.2,179.0,381.0,30.0,1156.0,88.9
B,D,13,2799,269.0,279.8,179.0,380.0,0.0,2248.0,93.3
B,D,14,2949,255.0,268.3,171.0,373.0,45.0,1199.0,93.1
B,D,15,3136,240.0,253.9,161.0,343.0,28.0,7307.0,165.1
B,D,16,3153,237.0,249.3,161.0,348.0,51.0,991.0,80.7
B,D,17,3080,238.5,254.3,159.0,358.1,0.0,1057.0,89.6
B,D,18,3148,237.0,250.2,161.0,347.0,10.0,810.0,80.6
B,D,19,3134,238.0,252.2,161.0,354.0,0.0,1235.0,85.1
B,D,20,2812,274.5,282.0,178.0,386.9,39.0,2127.0,94.0
B,D,21,2708,283.0,292.4,181.7,412.0,18.0,1871.0,100.8
B,D,22,2346,332.0,337.6,205.0,476.0,82.0,1138.0,108.4
B,D,23,1394,368.0,395.5,254.3,564.4,35.0,1253.0,139.0
C,A,5,1803,240.0,203.1,0.0,323.0,0.0,1121.0,120.6
C,A,6,3793,201.0,212.8,159.0,283.0,102.0,638.0,51.2
C,A,7,4108,180.0,195.3,154.0,258.0,102.0,666.0,45.9
C,A,8,4054,183.0,196.9,152.0,263.7,38.0,659.0,48.0
C,A,9,3955,185.0,201.1,149.0,269.6,113.0,1967.0,60.7
C,A,10,3172,241.0,249.2,167.0,341.0,127.0,573.0,69.4
C,A,11,2995,259.0,266.4,186.0,349.0,130.0,1351.0,69.6
C,A,12,2989,260.0,265.1,185.0,347.0,129.0,704.0,64.4
C,A,13,2971,261.0,267.9,186.0,353.0,110.0,710.0,66.9
C,A,14,3388,226.0,240.3,161.0,330.0,112.0,3970.0,113.8
C,A,15,4005,185.0,201.4,148.0,271.0,79.0,7341.0,124.3
C,A,16,3998,185.0,199.1,146.0,268.0,112.0,1706.0,58.3
C,A,17,3972,182.0,200.0,143.0,276.0,60.0,679.0,60.3
C,A,18,3958,184.0,202.3,142.0,282.0,103.0,903.0,64.8
C,A,19,3980,185.0,201.0,142.0,279.0,79.0,703.0,58.4
C,A,20,2754,278.0,282.6,173.0,393.0,70.0,980.0,85.7
C,A,21,2671,298.0,302.6,212.0,392.0,129.0,5395.0,121.8
C,A,22,2628,299.0,301.7,210.0,396.0,127.0,597.0,72.3
C,A,23,860,329.5,352.8,237.9,504.1,143.0,1478.0,113.2
C,D,5,1482,273.0,251.1,21.0,339.0,0.0,642.0,101.8
C,D,6,3604,216.0,222.6,154.0,299.0,93.0,587.0,56.7
C,D,7,4053,193.0,197.0,141.0,258.0,85.0,507.0,46.8
C,D,8,4041,192.0,197.4,139.0,262.0,52.0,808.0,52.3
C,D,9,4037,189.0,197.0,137.6,266.0,89.0,1414.0,59.2
C,D,10,3310,234.0,240.2,157.0,324.0,105.0,699.0,68.4
C,D,11,3035,264.0,264.4,179.0,344.6,108.0,1242.0,68.2
C,D,12,2999,264.0,265.6,185.0,342.2,110.0,1033.0,64.5
C,D,13,2952,266.0,268.9,187.0,347.0,108.0,583.0,64.1
C,D,14,3210,245.0,248.5,162.0,332.0,106.0,3660.0,95.6
C,D,15,3943,195.0,204.9,142.0,270.0,95.0,7613.0,140.1
C,D,16,4003,194.0,198.9,141.0,261.0,103.0,1466.0,55.7
C,D,17,3983,194.0,201.3,142.0,269.0,85.0,666.0,55.0
C,D,18,3950,196.0,202.6,139.0,277.1,105.0,946.0,58.1
C,D,19,4000,192.0,198.7,137.0,268.1,88.0,826.0,54.9
C,D,20,3069,255.0,257.7,163.0,353.0,103.0,1731.0,80.0
C,D,21,2632,298.0,305.0,221.0,392.0,100.0,5104.0,115.6
C,D,22,2647,295.0,299.3,218.0,388.0,117.0,610.0,67.6
C,D,23,1455,314.0,329.6,242.0,431.6,110.0,1233.0,86.5
D,A,0,31,789.0,761.9,502.0,980.0,153.0,1356.0,224.9
D,A,1,18,867.5,849.7,618.8,1027.4,503.0,1094.0,163.1
D,A,5,1834,253.5,269.8,0.0,413.7,0.0,16197.0,1060.3
D,A,6,2625,302.0,304.0,205.0,392.0,89.0,1033.0,80.5
D,A,7,3355,235.0,237.0,161.0,308.0,3.0,895.0,66.5
D,A,8,3527,219.0,225.8,145.0,307.0,3.0,1450.0,81.3
D,A,9,3461,222.0,229.6,152.0,309.0,45.0,1177.0,73.4
D,A,10,3125,239.0,249.4,160.0,351.0,25.0,917.0,80.2
D,A,11,3096,256.0,261.0,162.5,358.0,65.0,1727.0,91.2
D,A,12,3023,255.0,263.1,171.0,356.0,0.0,1155.0,81.1
D,A,13,3019,255.0,259.9,167.0,352.0,71.0,1467.0,83.3
D,A,14,3199,239.0,248.0,160.0,340.0,5.0,1183.0,79.3
D,A,15,3437,225.0,234.1,155.0,311.0,26.0,7328.0,150.4
D,A,16,3445,219.0,228.8,155.0,314.0,70.0,804.0,69.3
D,A,17,3472,221.0,228.7,153.0,312.0,7.0,1280.0,69.7
D,A,18,3369,231.0,236.6,156.8,316.0,80.0,1122.0,69.8
D,A,19,3179,244.0,251.7,169.0,334.2,52.0,814.0,72.1
D,A,20,2684,284.0,291.8,179.0,404.0,72.0,880.0,90.9
D,A,21,2252,356.0,353.3,265.0,431.0,120.0,738.0,71.2
D,A,22,2105,359.0,362.4,303.4,416.6,97.0,1027.0,60.2
D,A,23,253,422.0,478.7,341.0,740.0,238.0,1577.0,200.7
D,D,0,37,710.0,720.0,496.4,994.8,153.0,1160.0,228.2
D,D,1,31,868.0,863.8,675.0,1025.0,503.0,1356.0,164.0
D,D,5,1542,330.0,316.2,0.0,406.9,0.0,18342.0,1131.0
D,D,6,2190,368.0,368.4,305.0,426.0,142.0,780.0,59.3
D,D,7,3173,248.0,256.0,169.2,343.0,83.0,997.0,76.5
D,D,8,3444,221.0,228.8,149.0,304.0,52.0,1091.0,75.7
D,D,9,3526,220.0,226.8,144.0,305.0,9.0,894.0,75.4
D,D,10,3260,240.0,241.5,141.0,325.0,83.0,1219.0,80.2
D,D,11,3101,255.0,255.6,151.0,339.0,8.0,1034.0,80.5
D,D,12,3015,265.0,263.3,159.0,349.0,25.0,872.0,78.9
D,D,13,3050,260.0,258.7,164.0,336.0,82.0,1189.0,77.7
D,D,14,3095,263.0,258.3,155.0,331.0,11.0,7364.0,147.5
D,D,15,3338,238.0,239.7,139.7,320.0,21.0,3888.0,97.1
D,D,16,3452,233.0,230.1,135.0,303.0,51.0,894.0,71.1
D,D,17,3542,219.0,223.9,141.0,298.0,17.0,862.0,73.4
D,D,18,3467,228.0,229.7,145.6,306.0,0.0,944.0,74.0
D,D,19,3178,240.0,249.6,177.0,326.0,86.0,946.0,69.0
D,D,20,3098,241.0,257.2,193.0,365.0,42.0,707.0,67.2
D,D,21,2365,349.0,336.5,236.4,401.0,51.0,1596.0,81.1
D,D,22,2196,360.0,356.7,282.0,402.5,84.0,1219.0,65.4
D,D,23,1277,369.0,384.9,315.6,489.0,16.0,1150.0,94.5
E,A,5,1458,317.5,245.4,0.0,501.0,0.0,1266.0,220.8
E,A,6,1943,385.0,404.3,263.0,566.0,127.0,1270.0,126.1
E,A,7,2426,312.0,326.4,211.5,451.0,101.0,1028.0,101.9
E,A,8,2412,318.0,328.1,217.0,452.9,75.0,942.0,97.6
E,A,9,2409,311.0,326.4,214.8,455.0,119.0,1121.0,104.2
E,A,10,2360,314.0,333.0,219.0,473.1,113.0,1581.0,106.4
E,A,11,2082,364.5,378.5,264.1,515.9,129.0,959.0,100.8
E,A,12,2079,360.0,376.5,264.0,511.0,73.0,1931.0,107.8
E,A,13,2087,366.0,383.4,259.0,521.0,65.0,1418.0,113.4
E,A,14,2247,337.0,350.7,231.0,478.0,78.0,1129.0,108.7
E,A,15,2420,315.0,332.4,216.0,450.0,32.0,7533.0,196.9
E,A,16,2405,314.0,329.0,218.0,450.6,100.0,1441.0,105.3
E,A,17,2401,314.0,328.9,216.0,458.0,120.0,1770.0,110.9
E,A,18,2429,312.0,325.6,225.0,440.2,54.0,987.0,94.0
E,A,19,2331,317.0,338.9,224.0,485.0,112.0,1290.0,113.6
E,A,20,1757,431.0,438.2,309.6,575.4,55.0,1430.0,110.6
E,A,21,1806,438.0,446.8,322.0,574.0,125.0,1001.0,106.4
E,A,22,1793,429.0,443.6,300.0,601.8,118.0,1851.0,134.1
E,A,23,9,702.0,722.4,398.4,1057.0,216.0,1689.0,410.8
E,D,5,1484,30.0,217.2,0.0,526.0,0.0,1036.0,243.3
E,D,6,1824,440.0,447.7,282.3,621.0,73.0,1653.0,146.6
E,D,7,2252,327.0,353.8,190.0,549.9,100.0,1104.0,146.4
E,D,8,2362,306.5,332.5,178.1,507.0,93.0,1363.0,144.2
E,D,9,2429,299.0,329.1,184.0,515.0,9.0,1277.0,140.9
E,D,10,2446,300.0,324.3,183.0,490.0,90.0,1249.0,133.2
E,D,11,2192,335.0,359.0,219.0,531.0,116.0,1064.0,127.5
E,D,12,2107,350.0,373.4,230.6,539.4,114.0,1176.0,129.6
E,D,13,2059,368.0,384.7,238.0,551.2,144.0,999.0,125.2
E,D,14,2097,348.0,375.5,228.0,545.4,125.0,1797.0,137.3
E,D,15,2387,314.0,340.4,213.0,491.4,32.0,7715.0,206.9
E,D,16,2384,307.0,330.0,213.0,473.7,92.0,1469.0,116.0
E,D,17,2371,308.0,332.3,205.0,485.0,68.0,2253.0,126.6
E,D,18,2399,308.0,330.8,202.0,477.2,28.0,1429.0,126.3
E,D,19,2448,301.0,325.0,201.0,476.0,87.0,1658.0,123.4
E,D,20,2036,364.0,384.9,223.0,564.0,40.0,1259.0,142.3
E,D,21,1778,436.0,443.7,286.7,600.3,24.0,1302.0,132.5
E,D,22,1737,441.0,458.0,298.0,630.0,119.0,1863.0,140.1
E,D,23,1033,433.0,445.3,271.0,601.0,117.0,1631.0,159.9
H,A,0,1,1140.0,1140.0,1140.0,1140.0,1140.0,1140.0,
H,A,5,1865,263.0,212.6,0.0,338.0,0.0,18600.0,450.9
H,A,6,3209,222.0,245.2,185.0,322.0,97.0,1306.0,65.4
H,A,7,3669,207.0,219.2,177.0,292.0,119.0,687.0,45.7
H,A,8,3698,206.0,217.5,173.0,291.0,96.0,1151.0,51.8
H,A,9,3610,206.0,217.5,173.0,292.0,88.0,583.0,46.0
H,A,10,3529,212.0,226.5,176.0,323.0,102.0,743.0,52.2
H,A,11,3064,248.0,261.3,212.0,330.0,115.0,3133.0,71.2
H,A,12,3066,252.0,260.0,202.0,330.0,124.0,793.0,53.2
H,A,13,3106,248.0,257.2,201.0,329.0,36.0,2584.0,64.5
H,A,14,3306,222.0,234.6,174.0,326.0,102.0,1158.0,60.6
H,A,15,3669,208.0,223.4,171.0,292.2,103.0,7658.0,147.1
H,A,16,3582,207.0,219.0,172.0,292.0,113.0,1222.0,50.6
H,A,17,3760,206.0,217.5,172.0,290.0,107.0,686.0,48.7
H,A,18,3545,206.0,218.3,165.0,292.0,47.0,1396.0,57.7
H,A,19,3339,221.0,239.4,176.0,303.0,113.0,2030.0,71.0
H,A,20,2529,294.0,307.7,256.0,391.2,110.0,1148.0,65.2
H,A,21,2657,294.0,310.7,264.0,424.0,95.0,810.0,61.9
H,A,22,2528,294.0,313.8,269.7,435.0,118.0,797.0,62.5
H,A,23,1254,316.5,337.3,255.3,440.0,1.0,927.0,81.1
H,D,0,4,1440.0,1583.5,1196.5,2085.3,1195.0,2259.0,504.5
H,D,1,3,1440.0,1400.0,1344.0,1440.0,1320.0,1440.0,69.3
H,D,5,1508,293.0,272.3,0.0,429.0,0.0,17400.0,720.3
H,D,6,3084,273.0,265.9,194.0,344.7,123.0,1621.0,73.7
H,D,7,3545,206.0,219.9,188.0,291.0,115.0,629.0,46.5
H,D,8,3722,206.0,217.9,190.0,287.9,118.0,1222.0,48.9
H,D,9,3603,206.0,218.7,189.0,291.0,104.0,715.0,43.7
H,D,10,3710,206.0,218.0,182.0,286.3,109.0,698.0,46.4
H,D,11,3135,247.0,256.0,221.0,327.0,116.0,2475.0,59.0
H,D,12,3002,249.0,259.4,216.0,328.0,119.0,766.0,47.7
H,D,13,3120,247.5,258.1,214.0,326.1,51.0,2517.0,62.5
H,D,14,3083,244.0,249.7,198.0,330.0,105.0,1122.0,57.4
H,D,15,3730,206.0,223.1,181.0,292.0,121.0,7413.0,144.4
H,D,16,3548,207.0,219.4,181.0,288.0,112.0,781.0,47.4
H,D,17,3728,206.0,217.1,178.0,286.0,46.0,714.0,45.5
H,D,18,3571,206.0,219.1,176.0,290.0,66.0,1429.0,55.6
H,D,19,3699,206.0,220.4,178.0,291.0,102.0,1971.0,61.5
H,D,20,2563,294.0,307.3,250.0,381.0,122.0,913.0,59.6
H,D,21,2493,294.0,311.7,260.0,422.0,148.0,793.0,61.2
H,D,22,2517,294.0,312.6,263.0,430.0,97.0,697.0,61.3
H,D,23,2267,295.0,325.8,264.0,430.4,139.0,1131.0,69.0
