nodo,hora,pax
LineaA:1059,5,142
LineaA:1059,6,1050
LineaA:1059,7,3355
LineaA:1059,8,3711
LineaA:1059,9,2300
LineaA:1059,10,1413
LineaA:1059,11,1281
LineaA:1059,12,1520
LineaA:1059,13,1754
LineaA:1059,14,1345
LineaA:1059,15,1326
LineaA:1059,16,1642
LineaA:1059,17,1771
LineaA:1059,18,862
LineaA:1059,19,375
LineaA:1059,20,201
LineaA:1059,21,113
LineaA:1059,22,84
LineaA:1059,23,3
LineaA:1060,5,47
LineaA:1060,6,364
LineaA:1060,7,1295
LineaA:1060,8,1395
LineaA:1060,9,892
LineaA:1060,10,535
LineaA:1060,11,447
LineaA:1060,12,570
LineaA:1060,13,576
LineaA:1060,14,418
LineaA:1060,15,434
LineaA:1060,16,476
LineaA:1060,17,562
LineaA:1060,18,451
LineaA:1060,19,245
LineaA:1060,20,166
LineaA:1060,21,105
LineaA:1060,22,60
LineaA:1060,23,4
LineaA:1061,5,36
LineaA:1061,6,218
LineaA:1061,7,1058
LineaA:1061,8,1328
LineaA:1061,9,914
LineaA:1061,10,480
LineaA:1061,11,395
LineaA:1061,12,484
LineaA:1061,13,520
LineaA:1061,14,434
LineaA:1061,15,372
LineaA:1061,16,456
LineaA:1061,17,523
LineaA:1061,18,434
LineaA:1061,19,305
LineaA:1061,20,190
LineaA:1061,21,106
LineaA:1061,22,66
LineaA:1061,23,6
LineaA:1062,5,2
LineaA:1062,6,140
LineaA:1062,7,659
LineaA:1062,8,776
LineaA:1062,9,519
LineaA:1062,10,328
LineaA:1062,11,201
LineaA:1062,12,303
LineaA:1062,13,265
LineaA:1062,14,187
LineaA:1062,15,209
LineaA:1062,16,231
LineaA:1062,17,281
LineaA:1062,18,376
LineaA:1062,19,241
LineaA:1062,20,140
LineaA:1062,21,61
LineaA:1062,22,53
LineaA:1062,23,3
LineaA:1063,5,63
LineaA:1063,6,361
LineaA:1063,7,1205
LineaA:1063,8,1527
LineaA:1063,9,1106
LineaA:1063,10,650
LineaA:1063,11,579
LineaA:1063,12,627
LineaA:1063,13,726
LineaA:1063,14,494
LineaA:1063,15,443
LineaA:1063,16,530
LineaA:1063,17,587
LineaA:1063,18,552
LineaA:1063,19,367
LineaA:1063,20,276
LineaA:1063,21,154
LineaA:1063,22,79
LineaA:1063,23,8
LineaA:1064,5,44
LineaA:1064,6,231
LineaA:1064,7,983
LineaA:1064,8,1235
LineaA:1064,9,997
LineaA:1064,10,617
LineaA:1064,11,564
LineaA:1064,12,758
LineaA:1064,13,761
LineaA:1064,14,573
LineaA:1064,15,601
LineaA:1064,16,685
LineaA:1064,17,761
LineaA:1064,18,764
LineaA:1064,19,568
LineaA:1064,20,381
LineaA:1064,21,206
LineaA:1064,22,85
LineaA:1064,23,9
LineaA:1065,5,22
LineaA:1065,6,168
LineaA:1065,7,808
LineaA:1065,8,944
LineaA:1065,9,729
LineaA:1065,10,460
LineaA:1065,11,422
LineaA:1065,12,504
LineaA:1065,13,536
LineaA:1065,14,392
LineaA:1065,15,380
LineaA:1065,16,605
LineaA:1065,17,616
LineaA:1065,18,495
LineaA:1065,19,381
LineaA:1065,20,276
LineaA:1065,21,168
LineaA:1065,22,102
LineaA:1065,23,10
LineaA:1066,5,21
LineaA:1066,6,118
LineaA:1066,7,592
LineaA:1066,8,679
LineaA:1066,9,501
LineaA:1066,10,381
LineaA:1066,11,354
LineaA:1066,12,408
LineaA:1066,13,409
LineaA:1066,14,362
LineaA:1066,15,422
LineaA:1066,16,502
LineaA:1066,17,592
LineaA:1066,18,451
LineaA:1066,19,305
LineaA:1066,20,222
LineaA:1066,21,173
LineaA:1066,22,85
LineaA:1066,23,13
LineaA:1067,5,12
LineaA:1067,6,121
LineaA:1067,7,450
LineaA:1067,8,500
LineaA:1067,9,398
LineaA:1067,10,343
LineaA:1067,11,327
LineaA:1067,12,454
LineaA:1067,13,488
LineaA:1067,14,399
LineaA:1067,15,394
LineaA:1067,16,499
LineaA:1067,17,451
LineaA:1067,18,528
LineaA:1067,19,294
LineaA:1067,20,209
LineaA:1067,21,181
LineaA:1067,22,80
LineaA:1067,23,11
LineaA:1068,5,63
LineaA:1068,6,447
LineaA:1068,7,885
LineaA:1068,8,1381
LineaA:1068,9,1102
LineaA:1068,10,618
LineaA:1068,11,721
LineaA:1068,12,765
LineaA:1068,13,845
LineaA:1068,14,663
LineaA:1068,15,613
LineaA:1068,16,622
LineaA:1068,17,636
LineaA:1068,18,622
LineaA:1068,19,323
LineaA:1068,20,183
LineaA:1068,21,136
LineaA:1068,22,73
LineaA:1068,23,8
LineaA:1069,5,3
LineaA:1069,6,43
LineaA:1069,7,156
LineaA:1069,8,163
LineaA:1069,9,149
LineaA:1069,10,159
LineaA:1069,11,190
LineaA:1069,12,228
LineaA:1069,13,252
LineaA:1069,14,285
LineaA:1069,15,335
LineaA:1069,16,358
LineaA:1069,17,381
LineaA:1069,18,391
LineaA:1069,19,174
LineaA:1069,20,117
LineaA:1069,21,95
LineaA:1069,22,68
LineaA:1069,23,7
LineaA:1070,5,4
LineaA:1070,6,24
LineaA:1070,7,95
LineaA:1070,8,137
LineaA:1070,9,150
LineaA:1070,10,177
LineaA:1070,11,127
LineaA:1070,12,166
LineaA:1070,13,136
LineaA:1070,14,153
LineaA:1070,15,146
LineaA:1070,16,173
LineaA:1070,17,170
LineaA:1070,18,147
LineaA:1070,19,70
LineaA:1070,20,56
LineaA:1070,21,35
LineaA:1070,22,28
LineaA:1070,23,2
LineaA:1071,5,25
LineaA:1071,6,86
LineaA:1071,7,304
LineaA:1071,8,391
LineaA:1071,9,408
LineaA:1071,10,437
LineaA:1071,11,496
LineaA:1071,12,636
LineaA:1071,13,671
LineaA:1071,14,717
LineaA:1071,15,803
LineaA:1071,16,954
LineaA:1071,17,956
LineaA:1071,18,859
LineaA:1071,19,557
LineaA:1071,20,511
LineaA:1071,21,311
LineaA:1071,22,139
LineaA:1071,23,40
LineaA:1072,5,16
LineaA:1072,6,58
LineaA:1072,7,148
LineaA:1072,8,191
LineaA:1072,9,238
LineaA:1072,10,224
LineaA:1072,11,281
LineaA:1072,12,400
LineaA:1072,13,392
LineaA:1072,14,476
LineaA:1072,15,646
LineaA:1072,16,683
LineaA:1072,17,672
LineaA:1072,18,522
LineaA:1072,19,279
LineaA:1072,20,238
LineaA:1072,21,136
LineaA:1072,22,58
LineaA:1072,23,10
LineaA:1073,5,14
LineaA:1073,6,68
LineaA:1073,7,162
LineaA:1073,8,188
LineaA:1073,9,193
LineaA:1073,10,224
LineaA:1073,11,249
LineaA:1073,12,316
LineaA:1073,13,365
LineaA:1073,14,382
LineaA:1073,15,499
LineaA:1073,16,565
LineaA:1073,17,676
LineaA:1073,18,571
LineaA:1073,19,251
LineaA:1073,20,207
LineaA:1073,21,170
LineaA:1073,22,170
LineaA:1073,23,18
LineaA:1074,5,7
LineaA:1074,6,21
LineaA:1074,7,60
LineaA:1074,8,58
LineaA:1074,9,96
LineaA:1074,10,98
LineaA:1074,11,158
LineaA:1074,12,189
LineaA:1074,13,212
LineaA:1074,14,284
LineaA:1074,15,426
LineaA:1074,16,439
LineaA:1074,17,694
LineaA:1074,18,522
LineaA:1074,19,201
LineaA:1074,20,155
LineaA:1074,21,73
LineaA:1074,22,30
LineaA:1074,23,13
LineaA:1075,5,7
LineaA:1075,6,33
LineaA:1075,7,58
LineaA:1075,8,95
LineaA:1075,9,137
LineaA:1075,10,194
LineaA:1075,11,282
LineaA:1075,12,328
LineaA:1075,13,411
LineaA:1075,14,488
LineaA:1075,15,849
LineaA:1075,16,1021
LineaA:1075,17,1242
LineaA:1075,18,927
LineaA:1075,19,494
LineaA:1075,20,320
LineaA:1075,21,127
LineaA:1075,22,44
LineaA:1075,23,7
LineaA:1076,5,45
LineaA:1076,6,181
LineaA:1076,7,406
LineaA:1076,8,492
LineaA:1076,9,562
LineaA:1076,10,541
LineaA:1076,11,550
LineaA:1076,12,651
LineaA:1076,13,751
LineaA:1076,14,872
LineaA:1076,15,1253
LineaA:1076,16,1891
LineaA:1076,17,2758
LineaA:1076,18,1856
LineaA:1076,19,660
LineaA:1076,20,466
LineaA:1076,21,263
LineaA:1076,22,111
LineaA:1076,23,22
LineaB:1077,5,191
LineaB:1077,6,1235
LineaB:1077,7,3223
LineaB:1077,8,3753
LineaB:1077,9,2172
LineaB:1077,10,1203
LineaB:1077,11,1049
LineaB:1077,12,1208
LineaB:1077,13,1197
LineaB:1077,14,1007
LineaB:1077,15,809
LineaB:1077,16,1231
LineaB:1077,17,1445
LineaB:1077,18,1038
LineaB:1077,19,709
LineaB:1077,20,559
LineaB:1077,21,219
LineaB:1077,22,157
LineaB:1077,23,4
LineaB:1078,5,15
LineaB:1078,6,180
LineaB:1078,7,619
LineaB:1078,8,809
LineaB:1078,9,478
LineaB:1078,10,245
LineaB:1078,11,210
LineaB:1078,12,225
LineaB:1078,13,259
LineaB:1078,14,156
LineaB:1078,15,208
LineaB:1078,16,273
LineaB:1078,17,322
LineaB:1078,18,261
LineaB:1078,19,162
LineaB:1078,20,99
LineaB:1078,21,76
LineaB:1078,22,25
LineaB:1078,23,2
LineaB:1079,5,14
LineaB:1079,6,241
LineaB:1079,7,673
LineaB:1079,8,869
LineaB:1079,9,602
LineaB:1079,10,391
LineaB:1079,11,318
LineaB:1079,12,407
LineaB:1079,13,365
LineaB:1079,14,273
LineaB:1079,15,249
LineaB:1079,16,362
LineaB:1079,17,366
LineaB:1079,18,404
LineaB:1079,19,221
LineaB:1079,20,180
LineaB:1079,21,107
LineaB:1079,22,63
LineaB:1079,23,6
LineaB:1080,5,11
LineaB:1080,6,82
LineaB:1080,7,260
LineaB:1080,8,362
LineaB:1080,9,276
LineaB:1080,10,181
LineaB:1080,11,152
LineaB:1080,12,258
LineaB:1080,13,227
LineaB:1080,14,223
LineaB:1080,15,202
LineaB:1080,16,277
LineaB:1080,17,396
LineaB:1080,18,334
LineaB:1080,19,142
LineaB:1080,20,100
LineaB:1080,21,94
LineaB:1080,22,106
LineaB:1080,23,8
LineaB:1081,5,244
LineaB:1081,6,971
LineaB:1081,7,2415
LineaB:1081,8,3357
LineaB:1081,9,2519
LineaB:1081,10,1313
LineaB:1081,11,1020
LineaB:1081,12,1277
LineaB:1081,13,1232
LineaB:1081,14,964
LineaB:1081,15,877
LineaB:1081,16,1140
LineaB:1081,17,1230
LineaB:1081,18,1153
LineaB:1081,19,624
LineaB:1081,20,380
LineaB:1081,21,261
LineaB:1081,22,154
LineaB:1081,23,19
LineaB:1082,5,50
LineaB:1082,6,235
LineaB:1082,7,623
LineaB:1082,8,835
LineaB:1082,9,681
LineaB:1082,10,522
LineaB:1082,11,460
LineaB:1082,12,555
LineaB:1082,13,525
LineaB:1082,14,446
LineaB:1082,15,543
LineaB:1082,16,663
LineaB:1082,17,827
LineaB:1082,18,797
LineaB:1082,19,474
LineaB:1082,20,268
LineaB:1082,21,189
LineaB:1082,22,167
LineaB:1082,23,156
LineaB:1083,5,28
LineaB:1083,6,206
LineaB:1083,7,857
LineaB:1083,8,1138
LineaB:1083,9,995
LineaB:1083,10,618
LineaB:1083,11,508
LineaB:1083,12,668
LineaB:1083,13,627
LineaB:1083,14,592
LineaB:1083,15,532
LineaB:1083,16,730
LineaB:1083,17,707
LineaB:1083,18,683
LineaB:1083,19,463
LineaB:1083,20,364
LineaB:1083,21,225
LineaB:1083,22,101
LineaB:1083,23,9
LineaB:1084,5,28
LineaB:1084,6,238
LineaB:1084,7,903
LineaB:1084,8,1368
LineaB:1084,9,1070
LineaB:1084,10,746
LineaB:1084,11,613
LineaB:1084,12,737
LineaB:1084,13,745
LineaB:1084,14,662
LineaB:1084,15,637
LineaB:1084,16,790
LineaB:1084,17,922
LineaB:1084,18,890
LineaB:1084,19,676
LineaB:1084,20,408
LineaB:1084,21,278
LineaB:1084,22,167
LineaB:1084,23,11
LineaB:1085,5,47
LineaB:1085,6,194
LineaB:1085,7,784
LineaB:1085,8,912
LineaB:1085,9,797
LineaB:1085,10,716
LineaB:1085,11,656
LineaB:1085,12,822
LineaB:1085,13,751
LineaB:1085,14,666
LineaB:1085,15,712
LineaB:1085,16,909
LineaB:1085,17,883
LineaB:1085,18,932
LineaB:1085,19,640
LineaB:1085,20,507
LineaB:1085,21,320
LineaB:1085,22,228
LineaB:1085,23,35
LineaB:1086,5,23
LineaB:1086,6,93
LineaB:1086,7,314
LineaB:1086,8,374
LineaB:1086,9,351
LineaB:1086,10,356
LineaB:1086,11,390
LineaB:1086,12,551
LineaB:1086,13,572
LineaB:1086,14,549
LineaB:1086,15,671
LineaB:1086,16,825
LineaB:1086,17,886
LineaB:1086,18,941
LineaB:1086,19,807
LineaB:1086,20,632
LineaB:1086,21,581
LineaB:1086,22,345
LineaB:1086,23,53
LineaB:1087,5,32
LineaB:1087,6,120
LineaB:1087,7,343
LineaB:1087,8,434
LineaB:1087,9,444
LineaB:1087,10,423
LineaB:1087,11,566
LineaB:1087,12,645
LineaB:1087,13,641
LineaB:1087,14,561
LineaB:1087,15,653
LineaB:1087,16,763
LineaB:1087,17,649
LineaB:1087,18,616
LineaB:1087,19,290
LineaB:1087,20,151
LineaB:1087,21,85
LineaB:1087,22,35
LineaB:1087,23,7
LineaB:1088,5,21
LineaB:1088,6,68
LineaB:1088,7,221
LineaB:1088,8,281
LineaB:1088,9,310
LineaB:1088,10,395
LineaB:1088,11,521
LineaB:1088,12,744
LineaB:1088,13,653
LineaB:1088,14,665
LineaB:1088,15,752
LineaB:1088,16,891
LineaB:1088,17,826
LineaB:1088,18,656
LineaB:1088,19,383
LineaB:1088,20,271
LineaB:1088,21,185
LineaB:1088,22,75
LineaB:1088,23,8
LineaB:1089,5,20
LineaB:1089,6,118
LineaB:1089,7,228
LineaB:1089,8,334
LineaB:1089,9,371
LineaB:1089,10,380
LineaB:1089,11,470
LineaB:1089,12,850
LineaB:1089,13,854
LineaB:1089,14,687
LineaB:1089,15,797
LineaB:1089,16,1154
LineaB:1089,17,1109
LineaB:1089,18,912
LineaB:1089,19,751
LineaB:1089,20,477
LineaB:1089,21,292
LineaB:1089,22,205
LineaB:1089,23,46
LineaB:1090,6,16
LineaB:1090,7,145
LineaB:1090,8,202
LineaB:1090,9,243
LineaB:1090,10,322
LineaB:1090,11,457
LineaB:1090,12,629
LineaB:1090,13,838
LineaB:1090,14,686
LineaB:1090,15,909
LineaB:1090,16,949
LineaB:1090,17,965
LineaB:1090,18,859
LineaB:1090,19,484
LineaB:1090,20,303
LineaB:1090,21,262
LineaB:1090,22,210
LineaB:1090,23,19
LineaB:1091,5,59
LineaB:1091,6,191
LineaB:1091,7,419
LineaB:1091,8,440
LineaB:1091,9,404
LineaB:1091,10,457
LineaB:1091,11,635
LineaB:1091,12,730
LineaB:1091,13,946
LineaB:1091,14,928
LineaB:1091,15,1048
LineaB:1091,16,1194
LineaB:1091,17,1424
LineaB:1091,18,1575
LineaB:1091,19,930
LineaB:1091,20,762
LineaB:1091,21,526
LineaB:1091,22,494
LineaB:1091,23,145
LineaB:1092,5,3
LineaB:1092,6,26
LineaB:1092,7,90
LineaB:1092,8,135
LineaB:1092,9,177
LineaB:1092,10,334
LineaB:1092,11,445
LineaB:1092,12,572
LineaB:1092,13,566
LineaB:1092,14,772
LineaB:1092,15,1110
LineaB:1092,16,1409
LineaB:1092,17,1807
LineaB:1092,18,1407
LineaB:1092,19,654
LineaB:1092,20,353
LineaB:1092,21,173
LineaB:1092,22,73
LineaB:1092,23,15
LineaB:1093,5,95
LineaB:1093,6,360
LineaB:1093,7,777
LineaB:1093,8,802
LineaB:1093,9,640
LineaB:1093,10,478
LineaB:1093,11,476
LineaB:1093,12,573
LineaB:1093,13,726
LineaB:1093,14,645
LineaB:1093,15,963
LineaB:1093,16,1371
LineaB:1093,17,2197
LineaB:1093,18,1838
LineaB:1093,19,752
LineaB:1093,20,400
LineaB:1093,21,277
LineaB:1093,22,148
LineaB:1093,23,21
LineaC:1094,5,1380
LineaC:1094,6,6580
LineaC:1094,7,10609
LineaC:1094,8,10408
LineaC:1094,9,7822
LineaC:1094,10,3864
LineaC:1094,11,3638
LineaC:1094,12,3185
LineaC:1094,13,3560
LineaC:1094,14,3084
LineaC:1094,15,2457
LineaC:1094,16,1881
LineaC:1094,17,2731
LineaC:1094,18,2216
LineaC:1094,19,1407
LineaC:1094,20,995
LineaC:1094,21,527
LineaC:1094,22,345
LineaC:1094,23,19
LineaC:1095,5,32
LineaC:1095,6,58
LineaC:1095,7,203
LineaC:1095,8,261
LineaC:1095,9,241
LineaC:1095,10,234
LineaC:1095,11,245
LineaC:1095,12,320
LineaC:1095,13,249
LineaC:1095,14,185
LineaC:1095,15,205
LineaC:1095,16,286
LineaC:1095,17,325
LineaC:1095,18,241
LineaC:1095,19,187
LineaC:1095,20,156
LineaC:1095,21,296
LineaC:1095,22,80
LineaC:1095,23,13
LineaC:1096,5,22
LineaC:1096,6,92
LineaC:1096,7,297
LineaC:1096,8,344
LineaC:1096,9,265
LineaC:1096,10,233
LineaC:1096,11,317
LineaC:1096,12,369
LineaC:1096,13,244
LineaC:1096,14,240
LineaC:1096,15,274
LineaC:1096,16,375
LineaC:1096,17,650
LineaC:1096,18,497
LineaC:1096,19,224
LineaC:1096,20,159
LineaC:1096,21,238
LineaC:1096,22,142
LineaC:1096,23,11
LineaC:1097,5,10
LineaC:1097,6,36
LineaC:1097,7,74
LineaC:1097,8,130
LineaC:1097,9,112
LineaC:1097,10,128
LineaC:1097,11,179
LineaC:1097,12,224
LineaC:1097,13,258
LineaC:1097,14,316
LineaC:1097,15,415
LineaC:1097,16,507
LineaC:1097,17,721
LineaC:1097,18,530
LineaC:1097,19,269
LineaC:1097,20,172
LineaC:1097,21,89
LineaC:1097,22,62
LineaC:1097,23,20
LineaC:1098,5,12
LineaC:1098,6,39
LineaC:1098,7,78
LineaC:1098,8,106
LineaC:1098,9,132
LineaC:1098,10,145
LineaC:1098,11,196
LineaC:1098,12,183
LineaC:1098,13,190
LineaC:1098,14,223
LineaC:1098,15,369
LineaC:1098,16,410
LineaC:1098,17,473
LineaC:1098,18,269
LineaC:1098,19,188
LineaC:1098,20,189
LineaC:1098,21,93
LineaC:1098,22,46
LineaC:1098,23,6
LineaC:1099,5,2
LineaC:1099,6,26
LineaC:1099,7,74
LineaC:1099,8,81
LineaC:1099,9,119
LineaC:1099,10,104
LineaC:1099,11,135
LineaC:1099,12,191
LineaC:1099,13,224
LineaC:1099,14,328
LineaC:1099,15,451
LineaC:1099,16,517
LineaC:1099,17,708
LineaC:1099,18,483
LineaC:1099,19,190
LineaC:1099,20,182
LineaC:1099,21,99
LineaC:1099,22,27
LineaC:1099,23,4
LineaC:1100,5,13
LineaC:1100,6,38
LineaC:1100,7,92
LineaC:1100,8,70
LineaC:1100,9,86
LineaC:1100,10,120
LineaC:1100,11,137
LineaC:1100,12,166
LineaC:1100,13,227
LineaC:1100,14,290
LineaC:1100,15,526
LineaC:1100,16,840
LineaC:1100,17,878
LineaC:1100,18,709
LineaC:1100,19,360
LineaC:1100,20,220
LineaC:1100,21,139
LineaC:1100,22,40
LineaC:1100,23,5
LineaC:1101,5,5
LineaC:1101,6,26
LineaC:1101,7,69
LineaC:1101,8,72
LineaC:1101,9,80
LineaC:1101,10,107
LineaC:1101,11,146
LineaC:1101,12,156
LineaC:1101,13,189
LineaC:1101,14,213
LineaC:1101,15,274
LineaC:1101,16,363
LineaC:1101,17,764
LineaC:1101,18,653
LineaC:1101,19,323
LineaC:1101,20,163
LineaC:1101,21,110
LineaC:1101,22,37
LineaC:1101,23,7
LineaC:1102,5,156
LineaC:1102,6,642
LineaC:1102,7,1636
LineaC:1102,8,2038
LineaC:1102,9,1536
LineaC:1102,10,1187
LineaC:1102,11,973
LineaC:1102,12,1140
LineaC:1102,13,1569
LineaC:1102,14,1407
LineaC:1102,15,1498
LineaC:1102,16,1927
LineaC:1102,17,2497
LineaC:1102,18,2405
LineaC:1102,19,1222
LineaC:1102,20,770
LineaC:1102,21,509
LineaC:1102,22,299
LineaC:1102,23,19
LineaD:1103,5,93
LineaD:1103,6,757
LineaD:1103,7,2501
LineaD:1103,8,3076
LineaD:1103,9,2216
LineaD:1103,10,1270
LineaD:1103,11,1150
LineaD:1103,12,1369
LineaD:1103,13,1519
LineaD:1103,14,1123
LineaD:1103,15,1162
LineaD:1103,16,1392
LineaD:1103,17,1862
LineaD:1103,18,1663
LineaD:1103,19,785
LineaD:1103,20,532
LineaD:1103,21,257
LineaD:1103,22,119
LineaD:1103,23,4
LineaD:1104,5,28
LineaD:1104,6,201
LineaD:1104,7,780
LineaD:1104,8,947
LineaD:1104,9,774
LineaD:1104,10,583
LineaD:1104,11,555
LineaD:1104,12,706
LineaD:1104,13,803
LineaD:1104,14,625
LineaD:1104,15,654
LineaD:1104,16,779
LineaD:1104,17,1013
LineaD:1104,18,996
LineaD:1104,19,689
LineaD:1104,20,529
LineaD:1104,21,234
LineaD:1104,22,129
LineaD:1104,23,1
LineaD:1105,5,18
LineaD:1105,6,183
LineaD:1105,7,698
LineaD:1105,8,830
LineaD:1105,9,711
LineaD:1105,10,474
LineaD:1105,11,419
LineaD:1105,12,552
LineaD:1105,13,527
LineaD:1105,14,437
LineaD:1105,15,449
LineaD:1105,16,611
LineaD:1105,17,616
LineaD:1105,18,598
LineaD:1105,19,414
LineaD:1105,20,256
LineaD:1105,21,154
LineaD:1105,22,49
LineaD:1105,23,8
LineaD:1106,5,16
LineaD:1106,6,165
LineaD:1106,7,578
LineaD:1106,8,830
LineaD:1106,9,638
LineaD:1106,10,450
LineaD:1106,11,391
LineaD:1106,12,483
LineaD:1106,13,519
LineaD:1106,14,423
LineaD:1106,15,489
LineaD:1106,16,598
LineaD:1106,17,566
LineaD:1106,18,643
LineaD:1106,19,413
LineaD:1106,20,324
LineaD:1106,21,177
LineaD:1106,22,81
LineaD:1106,23,3
LineaD:1107,5,15
LineaD:1107,6,191
LineaD:1107,7,625
LineaD:1107,8,859
LineaD:1107,9,718
LineaD:1107,10,515
LineaD:1107,11,482
LineaD:1107,12,628
LineaD:1107,13,644
LineaD:1107,14,496
LineaD:1107,15,511
LineaD:1107,16,642
LineaD:1107,17,814
LineaD:1107,18,717
LineaD:1107,19,449
LineaD:1107,20,301
LineaD:1107,21,214
LineaD:1107,22,108
LineaD:1107,23,13
LineaD:1108,5,45
LineaD:1108,6,227
LineaD:1108,7,706
LineaD:1108,8,924
LineaD:1108,9,969
LineaD:1108,10,772
LineaD:1108,11,689
LineaD:1108,12,822
LineaD:1108,13,940
LineaD:1108,14,836
LineaD:1108,15,832
LineaD:1108,16,1144
LineaD:1108,17,1241
LineaD:1108,18,1193
LineaD:1108,19,714
LineaD:1108,20,490
LineaD:1108,21,350
LineaD:1108,22,181
LineaD:1108,23,25
LineaD:1109,5,22
LineaD:1109,6,115
LineaD:1109,7,403
LineaD:1109,8,566
LineaD:1109,9,482
LineaD:1109,10,376
LineaD:1109,11,516
LineaD:1109,12,720
LineaD:1109,13,786
LineaD:1109,14,738
LineaD:1109,15,883
LineaD:1109,16,945
LineaD:1109,17,1069
LineaD:1109,18,859
LineaD:1109,19,563
LineaD:1109,20,291
LineaD:1109,21,171
LineaD:1109,22,83
LineaD:1109,23,11
LineaD:1110,5,9
LineaD:1110,6,100
LineaD:1110,7,577
LineaD:1110,8,682
LineaD:1110,9,629
LineaD:1110,10,403
LineaD:1110,11,357
LineaD:1110,12,507
LineaD:1110,13,608
LineaD:1110,14,496
LineaD:1110,15,566
LineaD:1110,16,636
LineaD:1110,17,702
LineaD:1110,18,569
LineaD:1110,19,450
LineaD:1110,20,276
LineaD:1110,21,171
LineaD:1110,22,80
LineaD:1110,23,7
LineaD:1111,5,14
LineaD:1111,6,110
LineaD:1111,7,559
LineaD:1111,8,748
LineaD:1111,9,657
LineaD:1111,10,476
LineaD:1111,11,531
LineaD:1111,12,725
LineaD:1111,13,745
LineaD:1111,14,700
LineaD:1111,15,751
LineaD:1111,16,937
LineaD:1111,17,914
LineaD:1111,18,887
LineaD:1111,19,705
LineaD:1111,20,631
LineaD:1111,21,335
LineaD:1111,22,152
LineaD:1111,23,22
LineaD:1112,5,10
LineaD:1112,6,82
LineaD:1112,7,457
LineaD:1112,8,621
LineaD:1112,9,538
LineaD:1112,10,385
LineaD:1112,11,338
LineaD:1112,12,457
LineaD:1112,13,448
LineaD:1112,14,389
LineaD:1112,15,401
LineaD:1112,16,592
LineaD:1112,17,578
LineaD:1112,18,493
LineaD:1112,19,440
LineaD:1112,20,338
LineaD:1112,21,144
LineaD:1112,22,64
LineaD:1112,23,11
LineaD:1113,5,8
LineaD:1113,6,61
LineaD:1113,7,308
LineaD:1113,8,386
LineaD:1113,9,405
LineaD:1113,10,345
LineaD:1113,11,379
LineaD:1113,12,451
LineaD:1113,13,406
LineaD:1113,14,405
LineaD:1113,15,447
LineaD:1113,16,446
LineaD:1113,17,538
LineaD:1113,18,437
LineaD:1113,19,349
LineaD:1113,20,242
LineaD:1113,21,129
LineaD:1113,22,55
LineaD:1113,23,7
LineaD:1114,5,8
LineaD:1114,6,107
LineaD:1114,7,258
LineaD:1114,8,497
LineaD:1114,9,613
LineaD:1114,10,722
LineaD:1114,11,869
LineaD:1114,12,1345
LineaD:1114,13,1103
LineaD:1114,14,906
LineaD:1114,15,1048
LineaD:1114,16,1325
LineaD:1114,17,1323
LineaD:1114,18,1255
LineaD:1114,19,1026
LineaD:1114,20,977
LineaD:1114,21,617
LineaD:1114,22,365
LineaD:1114,23,54
LineaD:1115,5,14
LineaD:1115,6,75
LineaD:1115,7,253
LineaD:1115,8,385
LineaD:1115,9,452
LineaD:1115,10,487
LineaD:1115,11,560
LineaD:1115,12,654
LineaD:1115,13,826
LineaD:1115,14,709
LineaD:1115,15,781
LineaD:1115,16,963
LineaD:1115,17,983
LineaD:1115,18,1001
LineaD:1115,19,775
LineaD:1115,20,676
LineaD:1115,21,360
LineaD:1115,22,187
LineaD:1115,23,20
LineaD:1116,5,1
LineaD:1116,6,36
LineaD:1116,7,142
LineaD:1116,8,223
LineaD:1116,9,292
LineaD:1116,10,358
LineaD:1116,11,440
LineaD:1116,12,647
LineaD:1116,13,1031
LineaD:1116,14,817
LineaD:1116,15,841
LineaD:1116,16,867
LineaD:1116,17,871
LineaD:1116,18,1008
LineaD:1116,19,385
LineaD:1116,20,249
LineaD:1116,21,161
LineaD:1116,22,212
LineaD:1116,23,15
LineaD:1117,5,8
LineaD:1117,6,42
LineaD:1117,7,197
LineaD:1117,8,298
LineaD:1117,9,242
LineaD:1117,10,256
LineaD:1117,11,239
LineaD:1117,12,290
LineaD:1117,13,328
LineaD:1117,14,308
LineaD:1117,15,396
LineaD:1117,16,411
LineaD:1117,17,464
LineaD:1117,18,207
LineaD:1117,19,81
LineaD:1117,20,76
LineaD:1117,21,65
LineaD:1117,22,25
LineaD:1117,23,16
LineaD:1118,5,28
LineaD:1118,6,163
LineaD:1118,7,370
LineaD:1118,8,501
LineaD:1118,9,492
LineaD:1118,10,562
LineaD:1118,11,649
LineaD:1118,12,829
LineaD:1118,13,998
LineaD:1118,14,1062
LineaD:1118,15,1687
LineaD:1118,16,2275
LineaD:1118,17,3171
LineaD:1118,18,2162
LineaD:1118,19,864
LineaD:1118,20,553
LineaD:1118,21,389
LineaD:1118,22,165
LineaD:1118,23,17
LineaE:1119,5,24
LineaE:1119,6,120
LineaE:1119,7,161
LineaE:1119,8,169
LineaE:1119,9,173
LineaE:1119,10,239
LineaE:1119,11,273
LineaE:1119,12,371
LineaE:1119,13,435
LineaE:1119,14,518
LineaE:1119,15,855
LineaE:1119,16,1308
LineaE:1119,17,1425
LineaE:1119,18,917
LineaE:1119,19,386
LineaE:1119,20,415
LineaE:1119,21,189
LineaE:1119,22,88
LineaE:1119,23,22
LineaE:1120,5,10
LineaE:1120,6,33
LineaE:1120,7,85
LineaE:1120,8,138
LineaE:1120,9,146
LineaE:1120,10,136
LineaE:1120,11,130
LineaE:1120,12,186
LineaE:1120,13,165
LineaE:1120,14,257
LineaE:1120,15,343
LineaE:1120,16,478
LineaE:1120,17,547
LineaE:1120,18,384
LineaE:1120,19,168
LineaE:1120,20,98
LineaE:1120,21,107
LineaE:1120,22,29
LineaE:1120,23,10
LineaE:1121,5,17
LineaE:1121,6,95
LineaE:1121,7,168
LineaE:1121,8,224
LineaE:1121,9,334
LineaE:1121,10,464
LineaE:1121,11,1620
LineaE:1121,12,1150
LineaE:1121,13,350
LineaE:1121,14,250
LineaE:1121,15,373
LineaE:1121,16,612
LineaE:1121,17,1905
LineaE:1121,18,821
LineaE:1121,19,320
LineaE:1121,20,506
LineaE:1121,21,1644
LineaE:1121,22,533
LineaE:1121,23,6
LineaE:1122,5,17
LineaE:1122,6,55
LineaE:1122,7,173
LineaE:1122,8,168
LineaE:1122,9,175
LineaE:1122,10,117
LineaE:1122,11,163
LineaE:1122,12,192
LineaE:1122,13,184
LineaE:1122,14,116
LineaE:1122,15,121
LineaE:1122,16,183
LineaE:1122,17,165
LineaE:1122,18,213
LineaE:1122,19,194
LineaE:1122,20,183
LineaE:1122,21,90
LineaE:1122,22,53
LineaE:1122,23,3
LineaE:1123,5,14
LineaE:1123,6,77
LineaE:1123,7,252
LineaE:1123,8,326
LineaE:1123,9,237
LineaE:1123,10,168
LineaE:1123,11,174
LineaE:1123,12,219
LineaE:1123,13,200
LineaE:1123,14,183
LineaE:1123,15,198
LineaE:1123,16,249
LineaE:1123,17,249
LineaE:1123,18,252
LineaE:1123,19,111
LineaE:1123,20,123
LineaE:1123,21,81
LineaE:1123,22,40
LineaE:1123,23,9
LineaE:1124,5,9
LineaE:1124,6,69
LineaE:1124,7,199
LineaE:1124,8,236
LineaE:1124,9,182
LineaE:1124,10,112
LineaE:1124,11,89
LineaE:1124,12,125
LineaE:1124,13,97
LineaE:1124,14,99
LineaE:1124,15,85
LineaE:1124,16,131
LineaE:1124,17,124
LineaE:1124,18,125
LineaE:1124,19,98
LineaE:1124,20,56
LineaE:1124,21,66
LineaE:1124,22,37
LineaE:1124,23,1
LineaE:1125,5,14
LineaE:1125,6,65
LineaE:1125,7,182
LineaE:1125,8,200
LineaE:1125,9,161
LineaE:1125,10,119
LineaE:1125,11,96
LineaE:1125,12,160
LineaE:1125,13,149
LineaE:1125,14,125
LineaE:1125,15,135
LineaE:1125,16,162
LineaE:1125,17,221
LineaE:1125,18,187
LineaE:1125,19,105
LineaE:1125,20,75
LineaE:1125,21,49
LineaE:1125,22,40
LineaE:1125,23,4
LineaE:1126,5,14
LineaE:1126,6,84
LineaE:1126,7,289
LineaE:1126,8,413
LineaE:1126,9,244
LineaE:1126,10,162
LineaE:1126,11,125
LineaE:1126,12,215
LineaE:1126,13,187
LineaE:1126,14,123
LineaE:1126,15,130
LineaE:1126,16,213
LineaE:1126,17,216
LineaE:1126,18,148
LineaE:1126,19,115
LineaE:1126,20,71
LineaE:1126,21,62
LineaE:1126,22,25
LineaE:1126,23,1
LineaE:1127,5,32
LineaE:1127,6,103
LineaE:1127,7,349
LineaE:1127,8,548
LineaE:1127,9,377
LineaE:1127,10,261
LineaE:1127,11,219
LineaE:1127,12,298
LineaE:1127,13,365
LineaE:1127,14,209
LineaE:1127,15,219
LineaE:1127,16,248
LineaE:1127,17,317
LineaE:1127,18,300
LineaE:1127,19,174
LineaE:1127,20,118
LineaE:1127,21,93
LineaE:1127,22,54
LineaE:1127,23,6
LineaE:1128,5,19
LineaE:1128,6,128
LineaE:1128,7,637
LineaE:1128,8,697
LineaE:1128,9,490
LineaE:1128,10,275
LineaE:1128,11,208
LineaE:1128,12,262
LineaE:1128,13,326
LineaE:1128,14,186
LineaE:1128,15,224
LineaE:1128,16,260
LineaE:1128,17,282
LineaE:1128,18,288
LineaE:1128,19,171
LineaE:1128,20,108
LineaE:1128,21,62
LineaE:1128,22,32
LineaE:1128,23,7
LineaE:1129,5,13
LineaE:1129,6,135
LineaE:1129,7,523
LineaE:1129,8,664
LineaE:1129,9,457
LineaE:1129,10,195
LineaE:1129,11,175
LineaE:1129,12,216
LineaE:1129,13,232
LineaE:1129,14,153
LineaE:1129,15,199
LineaE:1129,16,171
LineaE:1129,17,236
LineaE:1129,18,259
LineaE:1129,19,138
LineaE:1129,20,91
LineaE:1129,21,66
LineaE:1129,22,31
LineaE:1129,23,4
LineaE:1130,5,14
LineaE:1130,6,155
LineaE:1130,7,562
LineaE:1130,8,793
LineaE:1130,9,444
LineaE:1130,10,196
LineaE:1130,11,223
LineaE:1130,12,218
LineaE:1130,13,242
LineaE:1130,14,185
LineaE:1130,15,177
LineaE:1130,16,187
LineaE:1130,17,256
LineaE:1130,18,224
LineaE:1130,19,165
LineaE:1130,20,138
LineaE:1130,21,84
LineaE:1130,22,29
LineaE:1131,5,12
LineaE:1131,6,58
LineaE:1131,7,271
LineaE:1131,8,307
LineaE:1131,9,201
LineaE:1131,10,120
LineaE:1131,11,78
LineaE:1131,12,88
LineaE:1131,13,114
LineaE:1131,14,79
LineaE:1131,15,72
LineaE:1131,16,72
LineaE:1131,17,122
LineaE:1131,18,118
LineaE:1131,19,47
LineaE:1131,20,29
LineaE:1131,21,45
LineaE:1131,22,14
LineaE:1132,5,18
LineaE:1132,6,107
LineaE:1132,7,352
LineaE:1132,8,358
LineaE:1132,9,212
LineaE:1132,10,134
LineaE:1132,11,116
LineaE:1132,12,110
LineaE:1132,13,146
LineaE:1132,14,72
LineaE:1132,15,82
LineaE:1132,16,96
LineaE:1132,17,115
LineaE:1132,18,72
LineaE:1132,19,38
LineaE:1132,20,24
LineaE:1132,21,19
LineaE:1132,22,7
LineaE:1133,5,148
LineaE:1133,6,709
LineaE:1133,7,1482
LineaE:1133,8,1526
LineaE:1133,9,843
LineaE:1133,10,505
LineaE:1133,11,423
LineaE:1133,12,507
LineaE:1133,13,536
LineaE:1133,14,307
LineaE:1133,15,285
LineaE:1133,16,343
LineaE:1133,17,443
LineaE:1133,18,286
LineaE:1133,19,155
LineaE:1133,20,111
LineaE:1133,21,81
LineaE:1133,22,33
LineaE:1164,5,12
LineaE:1164,6,72
LineaE:1164,7,199
LineaE:1164,8,301
LineaE:1164,9,254
LineaE:1164,10,194
LineaE:1164,11,146
LineaE:1164,12,178
LineaE:1164,13,231
LineaE:1164,14,179
LineaE:1164,15,257
LineaE:1164,16,398
LineaE:1164,17,632
LineaE:1164,18,485
LineaE:1164,19,250
LineaE:1164,20,111
LineaE:1164,21,60
LineaE:1164,22,22
LineaE:1164,23,5
LineaE:1165,5,7
LineaE:1165,6,10
LineaE:1165,7,30
LineaE:1165,8,42
LineaE:1165,9,51
LineaE:1165,10,65
LineaE:1165,11,83
LineaE:1165,12,140
LineaE:1165,13,181
LineaE:1165,14,185
LineaE:1165,15,253
LineaE:1165,16,600
LineaE:1165,17,1128
LineaE:1165,18,1043
LineaE:1165,19,260
LineaE:1165,20,139
LineaE:1165,21,80
LineaE:1165,22,38
LineaE:1165,23,4
LineaE:1166,5,19
LineaE:1166,6,61
LineaE:1166,7,151
LineaE:1166,8,141
LineaE:1166,9,132
LineaE:1166,10,111
LineaE:1166,11,166
LineaE:1166,12,221
LineaE:1166,13,261
LineaE:1166,14,298
LineaE:1166,15,398
LineaE:1166,16,648
LineaE:1166,17,1137
LineaE:1166,18,948
LineaE:1166,19,402
LineaE:1166,20,259
LineaE:1166,21,220
LineaE:1166,22,107
LineaE:1166,23,14
LineaH:1134,5,75
LineaH:1134,6,764
LineaH:1134,7,2275
LineaH:1134,8,2268
LineaH:1134,9,1355
LineaH:1134,10,676
LineaH:1134,11,552
LineaH:1134,12,625
LineaH:1134,13,652
LineaH:1134,14,389
LineaH:1134,15,371
LineaH:1134,16,513
LineaH:1134,17,505
LineaH:1134,18,400
LineaH:1134,19,255
LineaH:1134,20,165
LineaH:1134,21,74
LineaH:1134,22,33
LineaH:1134,23,8
LineaH:1135,5,72
LineaH:1135,6,395
LineaH:1135,7,1061
LineaH:1135,8,1060
LineaH:1135,9,637
LineaH:1135,10,443
LineaH:1135,11,370
LineaH:1135,12,434
LineaH:1135,13,494
LineaH:1135,14,320
LineaH:1135,15,445
LineaH:1135,16,548
LineaH:1135,17,854
LineaH:1135,18,755
LineaH:1135,19,330
LineaH:1135,20,242
LineaH:1135,21,114
LineaH:1135,22,98
LineaH:1135,23,13
LineaH:1136,5,27
LineaH:1136,6,117
LineaH:1136,7,500
LineaH:1136,8,465
LineaH:1136,9,329
LineaH:1136,10,271
LineaH:1136,11,236
LineaH:1136,12,432
LineaH:1136,13,357
LineaH:1136,14,335
LineaH:1136,15,331
LineaH:1136,16,337
LineaH:1136,17,536
LineaH:1136,18,428
LineaH:1136,19,230
LineaH:1136,20,146
LineaH:1136,21,68
LineaH:1136,22,64
LineaH:1136,23,11
LineaH:1137,5,44
LineaH:1137,6,138
LineaH:1137,7,502
LineaH:1137,8,509
LineaH:1137,9,362
LineaH:1137,10,218
LineaH:1137,11,204
LineaH:1137,12,280
LineaH:1137,13,283
LineaH:1137,14,234
LineaH:1137,15,278
LineaH:1137,16,414
LineaH:1137,17,398
LineaH:1137,18,284
LineaH:1137,19,180
LineaH:1137,20,105
LineaH:1137,21,74
LineaH:1137,22,26
LineaH:1137,23,17
LineaH:1138,5,17
LineaH:1138,6,135
LineaH:1138,7,477
LineaH:1138,8,451
LineaH:1138,9,382
LineaH:1138,10,265
LineaH:1138,11,238
LineaH:1138,12,379
LineaH:1138,13,342
LineaH:1138,14,259
LineaH:1138,15,296
LineaH:1138,16,368
LineaH:1138,17,426
LineaH:1138,18,277
LineaH:1138,19,188
LineaH:1138,20,135
LineaH:1138,21,99
LineaH:1138,22,43
LineaH:1138,23,18
LineaH:1139,5,20
LineaH:1139,6,121
LineaH:1139,7,408
LineaH:1139,8,477
LineaH:1139,9,335
LineaH:1139,10,279
LineaH:1139,11,261
LineaH:1139,12,314
LineaH:1139,13,232
LineaH:1139,14,195
LineaH:1139,15,231
LineaH:1139,16,242
LineaH:1139,17,294
LineaH:1139,18,218
LineaH:1139,19,245
LineaH:1139,20,168
LineaH:1139,21,74
LineaH:1139,22,43
LineaH:1139,23,2
LineaH:1140,5,58
LineaH:1140,6,366
LineaH:1140,7,773
LineaH:1140,8,1180
LineaH:1140,9,922
LineaH:1140,10,604
LineaH:1140,11,632
LineaH:1140,12,636
LineaH:1140,13,733
LineaH:1140,14,579
LineaH:1140,15,636
LineaH:1140,16,609
LineaH:1140,17,766
LineaH:1140,18,719
LineaH:1140,19,381
LineaH:1140,20,214
LineaH:1140,21,126
LineaH:1140,22,75
LineaH:1140,23,24
LineaH:1141,5,6
LineaH:1141,6,30
LineaH:1141,7,183
LineaH:1141,8,214
LineaH:1141,9,149
LineaH:1141,10,166
LineaH:1141,11,212
LineaH:1141,12,286
LineaH:1141,13,387
LineaH:1141,14,269
LineaH:1141,15,340
LineaH:1141,16,433
LineaH:1141,17,434
LineaH:1141,18,439
LineaH:1141,19,234
LineaH:1141,20,142
LineaH:1141,21,59
LineaH:1141,22,51
LineaH:1141,23,6
LineaH:1160,5,14
LineaH:1160,6,70
LineaH:1160,7,238
LineaH:1160,8,307
LineaH:1160,9,246
LineaH:1160,10,265
LineaH:1160,11,366
LineaH:1160,12,564
LineaH:1160,13,513
LineaH:1160,14,459
LineaH:1160,15,604
LineaH:1160,16,798
LineaH:1160,17,763
LineaH:1160,18,739
LineaH:1160,19,495
LineaH:1160,20,380
LineaH:1160,21,224
LineaH:1160,22,122
LineaH:1160,23,11
LineaH:1161,5,16
LineaH:1161,6,63
LineaH:1161,7,314
LineaH:1161,8,415
LineaH:1161,9,368
LineaH:1161,10,337
LineaH:1161,11,453
LineaH:1161,12,533
LineaH:1161,13,590
LineaH:1161,14,629
LineaH:1161,15,761
LineaH:1161,16,921
LineaH:1161,17,999
LineaH:1161,18,883
LineaH:1161,19,621
LineaH:1161,20,493
LineaH:1161,21,275
LineaH:1161,22,105
LineaH:1161,23,21
LineaH:1162,5,6
LineaH:1162,6,79
LineaH:1162,7,325
LineaH:1162,8,361
LineaH:1162,9,359
LineaH:1162,10,329
LineaH:1162,11,373
LineaH:1162,12,453
LineaH:1162,13,465
LineaH:1162,14,431
LineaH:1162,15,742
LineaH:1162,16,1001
LineaH:1162,17,1169
LineaH:1162,18,940
LineaH:1162,19,702
LineaH:1162,20,530
LineaH:1162,21,181
LineaH:1162,22,126
LineaH:1162,23,15
LineaH:1163,5,5
LineaH:1163,6,12
LineaH:1163,7,48
LineaH:1163,8,56
LineaH:1163,9,143
LineaH:1163,10,154
LineaH:1163,11,203
LineaH:1163,12,197
LineaH:1163,13,258
LineaH:1163,14,180
LineaH:1163,15,186
LineaH:1163,16,415
LineaH:1163,17,641
LineaH:1163,18,588
LineaH:1163,19,446
LineaH:1163,20,528
LineaH:1163,21,169
LineaH:1163,22,63
LineaH:1163,23,8
