comp_origen,linea_ascenso,rango_horario,etapas,expandidas
LineaA:1059,LineaA,5,36,45.38219178082192
LineaA:1059,LineaA,6,322,403.0908256880734
LineaA:1059,LineaA,7,1043,1276.0643572621038
LineaA:1059,LineaA,8,1199,1447.2727508560754
LineaA:1059,LineaA,9,773,949.899002005209
LineaA:1059,LineaA,10,435,544.7807879226553
LineaA:1059,LineaA,11,342,428.33428863868977
LineaA:1059,LineaA,12,432,540.1473643173401
LineaA:1059,LineaA,13,462,580.4327423573862
LineaA:1059,LineaA,14,317,395.9857619176354
LineaA:1059,LineaA,15,327,410.36042103030456
LineaA:1059,LineaA,16,361,454.2772577033799
LineaA:1059,LineaA,17,410,513.9017761312883
LineaA:1059,LineaA,18,332,419.83210921615006
LineaA:1059,LineaA,19,164,221.13745251569887
LineaA:1059,LineaA,20,111,154.5449270557029
LineaA:1059,LineaA,21,76,108.50371636052967
LineaA:1059,LineaA,22,36,51.34761441090555
LineaA:1060,LineaA,5,115,144.9708904109589
LineaA:1060,LineaA,6,858,1074.0743119266056
LineaA:1060,LineaA,7,2744,3357.1626043405686
LineaA:1060,LineaA,8,3194,3855.370447234616
LineaA:1060,LineaA,9,1909,2345.8695922741836
LineaA:1060,LineaA,10,1069,1338.7831316995828
LineaA:1060,LineaA,11,970,1214.866257250085
LineaA:1060,LineaA,12,1151,1439.142630391802
LineaA:1060,LineaA,13,1329,1669.686395222871
LineaA:1060,LineaA,14,957,1195.4522844011894
LineaA:1060,LineaA,15,939,1178.3744200228014
LineaA:1060,LineaA,16,1197,1506.2877492269965
LineaA:1060,LineaA,17,1252,1569.28054564969
LineaA:1060,LineaA,18,593,749.880845678244
LineaA:1060,LineaA,19,265,357.32576168695243
LineaA:1060,LineaA,20,123,171.25248673740055
LineaA:1060,LineaA,21,72,102.79299444681757
LineaA:1060,LineaA,22,55,78.44774423888347
LineaA:1061,LineaA,5,30,37.81849315068493
LineaA:1061,LineaA,6,187,234.09311926605503
LineaA:1061,LineaA,7,868,1061.9595993322207
LineaA:1061,LineaA,8,1155,1394.1618242191553
LineaA:1061,LineaA,9,759,932.6951390969646
LineaA:1061,LineaA,10,383,479.6575672974184
LineaA:1061,LineaA,11,318,398.2757420675536
LineaA:1061,LineaA,12,372,465.1268970510429
LineaA:1061,LineaA,13,399,501.2828229450154
LineaA:1061,LineaA,14,338,422.218257186627
LineaA:1061,LineaA,15,276,346.3592544475965
LineaA:1061,LineaA,16,324,407.716984753172
LineaA:1061,LineaA,17,391,490.0868157739847
LineaA:1061,LineaA,18,322,407.1865637578323
LineaA:1061,LineaA,19,194,261.5894255368633
LineaA:1061,LineaA,20,130,180.9985632183908
LineaA:1061,LineaA,21,80,114.21443827424176
LineaA:1061,LineaA,22,47,67.03716325868224
LineaA:1061,LineaA,23,1,1.4884910485933505
LineaA:1062,LineaA,6,114,142.7091743119266
LineaA:1062,LineaA,7,541,661.8895659432388
LineaA:1062,LineaA,8,648,782.1791013800974
LineaA:1062,LineaA,9,429,527.1755134026322
LineaA:1062,LineaA,10,247,309.33529796987557
LineaA:1062,LineaA,11,154,192.8756738314568
LineaA:1062,LineaA,12,241,301.33221018629393
LineaA:1062,LineaA,13,212,266.3457605622638
LineaA:1062,LineaA,14,151,188.62413264846353
LineaA:1062,LineaA,15,155,194.5133494180343
LineaA:1062,LineaA,16,177,222.73427870775137
LineaA:1062,LineaA,17,196,245.67011737007928
LineaA:1062,LineaA,18,302,381.89547284119675
LineaA:1062,LineaA,19,178,240.01503992557562
LineaA:1062,LineaA,20,94,130.87588417329798
LineaA:1062,LineaA,21,44,62.817941050832964
LineaA:1062,LineaA,22,40,57.052904901006166
LineaA:1063,LineaA,5,47,59.24897260273973
LineaA:1063,LineaA,6,301,376.80229357798163
LineaA:1063,LineaA,7,977,1195.3162771285479
LineaA:1063,LineaA,8,1287,1553.4946041299158
LineaA:1063,LineaA,9,929,1141.5991886970753
LineaA:1063,LineaA,10,495,619.9229655671595
LineaA:1063,LineaA,11,451,564.8501876492663
LineaA:1063,LineaA,12,437,546.3990699228649
LineaA:1063,LineaA,13,524,658.3263138425766
LineaA:1063,LineaA,14,367,458.44408398666303
LineaA:1063,LineaA,15,340,426.67444388472035
LineaA:1063,LineaA,16,369,464.34434374666813
LineaA:1063,LineaA,17,408,511.39493819894057
LineaA:1063,LineaA,18,390,493.17627287439313
LineaA:1063,LineaA,19,262,353.280564384836
LineaA:1063,LineaA,20,187,260.3594717064545
LineaA:1063,LineaA,21,107,152.76181119179836
LineaA:1063,LineaA,22,46,65.61084063615709
LineaA:1063,LineaA,23,3,4.465473145780051
LineaA:1064,LineaA,5,35,44.12157534246575
LineaA:1064,LineaA,6,192,240.35229357798164
LineaA:1064,LineaA,7,793,970.2004173622706
LineaA:1064,LineaA,8,1033,1246.8997094531492
LineaA:1064,LineaA,9,858,1054.3510268052644
LineaA:1064,LineaA,10,500,626.1848137042016
LineaA:1064,LineaA,11,428,536.0440805185942
LineaA:1064,LineaA,12,620,775.2114950850714
LineaA:1064,LineaA,13,597,750.0397125267524
LineaA:1064,LineaA,14,461,575.865729476435
LineaA:1064,LineaA,15,450,564.716175729777
LineaA:1064,LineaA,16,517,650.5854355474997
LineaA:1064,LineaA,17,581,728.2364193470207
LineaA:1064,LineaA,18,567,717.0024274866178
LineaA:1064,LineaA,19,405,546.1016357857197
LineaA:1064,LineaA,20,262,364.78171971706456
LineaA:1064,LineaA,21,144,205.58598889363515
LineaA:1064,LineaA,22,63,89.85832521908472
LineaA:1064,LineaA,23,5,7.442455242966752
LineaA:1065,LineaA,5,18,22.69109589041096
LineaA:1065,LineaA,6,141,176.50871559633026
LineaA:1065,LineaA,7,650,795.2462437395661
LineaA:1065,LineaA,8,791,954.7896129500881
LineaA:1065,LineaA,9,603,740.9949524050984
LineaA:1065,LineaA,10,348,435.8246303381243
LineaA:1065,LineaA,11,325,407.0428181508017
LineaA:1065,LineaA,12,395,493.88474283645684
LineaA:1065,LineaA,13,397,498.77012709065446
LineaA:1065,LineaA,14,290,362.25826800036043
LineaA:1065,LineaA,15,305,382.75207466129325
LineaA:1065,LineaA,16,398,500.83753065358786
LineaA:1065,LineaA,17,448,561.5316968458956
LineaA:1065,LineaA,18,357,451.4459728619445
LineaA:1065,LineaA,19,267,360.02255988836345
LineaA:1065,LineaA,20,194,270.10554818744475
LineaA:1065,LineaA,21,118,168.4662964545066
LineaA:1065,LineaA,22,66,94.13729308666018
LineaA:1065,LineaA,23,7,10.419437340153454
LineaA:1066,LineaA,5,17,21.430479452054797
LineaA:1066,LineaA,6,98,122.67981651376147
LineaA:1066,LineaA,7,480,587.2587646076796
LineaA:1066,LineaA,8,546,659.0583169036007
LineaA:1066,LineaA,9,404,496.45432963791
LineaA:1066,LineaA,10,290,363.1871919484369
LineaA:1066,LineaA,11,270,338.1586489252814
LineaA:1066,LineaA,12,325,406.36086435911005
LineaA:1066,LineaA,13,312,391.98055328031285
LineaA:1066,LineaA,14,269,336.0257727313688
LineaA:1066,LineaA,15,309,387.7717740011135
LineaA:1066,LineaA,16,344,432.8846998613925
LineaA:1066,LineaA,17,448,561.5316968458956
LineaA:1066,LineaA,18,357,451.4459728619445
LineaA:1066,LineaA,19,221,297.9962012559113
LineaA:1066,LineaA,20,169,235.29813218390805
LineaA:1066,LineaA,21,129,184.17078171721482
LineaA:1066,LineaA,22,60,85.57935735150924
LineaA:1066,LineaA,23,8,11.907928388746804
LineaA:1067,LineaA,5,9,11.34554794520548
LineaA:1067,LineaA,6,96,120.17614678899082
LineaA:1067,LineaA,7,341,417.1984140233724
LineaA:1067,LineaA,8,399,481.6195392757082
LineaA:1067,LineaA,9,330,405.51962569433243
LineaA:1067,LineaA,10,255,319.35425498914276
LineaA:1067,LineaA,11,240,300.5854657113612
LineaA:1067,LineaA,12,356,445.12143911336364
LineaA:1067,LineaA,13,364,457.3106454936983
LineaA:1067,LineaA,14,304,379.7465981796882
LineaA:1067,LineaA,15,297,372.7126759816528
LineaA:1067,LineaA,16,328,412.7505277748161
LineaA:1067,LineaA,17,288,360.9846622580757
LineaA:1067,LineaA,18,383,484.3243910535707
LineaA:1067,LineaA,19,213,287.20900845026745
LineaA:1067,LineaA,20,154,214.41368258178605
LineaA:1067,LineaA,21,131,187.02614267407088
LineaA:1067,LineaA,22,54,77.02142161635832
LineaA:1067,LineaA,23,10,14.884910485933505
LineaA:1069,LineaA,5,2,2.521232876712329
LineaA:1069,LineaA,6,32,40.05871559633027
LineaA:1069,LineaA,7,123,150.48505843071788
LineaA:1069,LineaA,8,138,166.57517899761336
LineaA:1069,LineaA,9,111,136.40205591536636
LineaA:1069,LineaA,10,118,147.77961603419158
LineaA:1069,LineaA,11,131,164.06956670078466
LineaA:1069,LineaA,12,173,216.30901395115703
LineaA:1069,LineaA,13,187,234.9370623827516
LineaA:1069,LineaA,14,219,273.5674506623412
LineaA:1069,LineaA,15,238,298.67211071930427
LineaA:1069,LineaA,16,257,323.40513914063337
LineaA:1069,LineaA,17,281,352.2107294948586
LineaA:1069,LineaA,18,309,390.7473546620192
LineaA:1069,LineaA,19,131,176.640282192418
LineaA:1069,LineaA,20,79,109.99143457117596
LineaA:1069,LineaA,21,71,101.36531396838956
LineaA:1069,LineaA,22,43,61.33187276858163
LineaA:1069,LineaA,23,5,7.442455242966752
LineaA:1070,LineaA,5,4,5.042465753424658
LineaA:1070,LineaA,6,20,25.03669724770642
LineaA:1070,LineaA,7,57,69.73697829716195
LineaA:1070,LineaA,8,89,107.42891978831587
LineaA:1070,LineaA,9,107,131.48666651301082
LineaA:1070,LineaA,10,115,144.02250715196635
LineaA:1070,LineaA,11,93,116.47686796315247
LineaA:1070,LineaA,12,121,151.29127565369944
LineaA:1070,LineaA,13,92,115.58400930060506
LineaA:1070,LineaA,14,112,139.90664143462197
LineaA:1070,LineaA,15,111,139.29665668001164
LineaA:1070,LineaA,16,132,166.10691971425527
LineaA:1070,LineaA,17,128,160.43762767025586
LineaA:1070,LineaA,18,103,130.24911822067307
LineaA:1070,LineaA,19,46,62.02635863245212
LineaA:1070,LineaA,20,44,61.26105216622459
LineaA:1070,LineaA,21,22,31.408970525416482
LineaA:1070,LineaA,22,9,12.836903602726387
LineaA:1070,LineaA,23,1,1.4884910485933505
LineaA:1071,LineaA,5,14,17.648630136986302
LineaA:1071,LineaA,6,69,86.37660550458715
LineaA:1071,LineaA,7,239,292.40592654424046
LineaA:1071,LineaA,8,306,369.3623534294905
LineaA:1071,LineaA,9,332,407.9773203955102
LineaA:1071,LineaA,10,321,402.01065039809737
LineaA:1071,LineaA,11,383,479.68430569771397
LineaA:1071,LineaA,12,478,597.6630558881681
LineaA:1071,LineaA,13,539,677.171532750284
LineaA:1071,LineaA,14,579,723.2673695593403
LineaA:1071,LineaA,15,645,809.4265185460137
LineaA:1071,LineaA,16,749,942.5309308028575
LineaA:1071,LineaA,17,778,975.1599556832739
LineaA:1071,LineaA,18,722,913.0083820905433
LineaA:1071,LineaA,19,447,602.7343980153499
LineaA:1071,LineaA,20,414,576.4108090185676
LineaA:1071,LineaA,21,233,332.6495514737291
LineaA:1071,LineaA,22,100,142.63226225251543
LineaA:1071,LineaA,23,28,41.67774936061382
LineaA:1072,LineaA,5,9,11.34554794520548
LineaA:1072,LineaA,6,45,56.33256880733945
LineaA:1072,LineaA,7,116,141.92086811352257
LineaA:1072,LineaA,8,154,185.8882432292207
LineaA:1072,LineaA,9,169,207.67520224952176
LineaA:1072,LineaA,10,168,210.39809740461172
LineaA:1072,LineaA,11,209,261.75984305697705
LineaA:1072,LineaA,12,305,381.35404193701095
LineaA:1072,LineaA,13,297,373.1353343726055
LineaA:1072,LineaA,14,381,475.9324141659908
LineaA:1072,LineaA,15,494,619.9328684677996
LineaA:1072,LineaA,16,555,698.4040942531187
LineaA:1072,LineaA,17,553,693.1406882941523
LineaA:1072,LineaA,18,444,561.4622183493091
LineaA:1072,LineaA,19,213,287.20900845026745
LineaA:1072,LineaA,20,197,274.28243810786915
LineaA:1072,LineaA,21,101,144.1957283212302
LineaA:1072,LineaA,22,46,65.61084063615709
LineaA:1072,LineaA,23,9,13.396419437340153
LineaA:1074,LineaA,5,4,5.042465753424658
LineaA:1074,LineaA,6,19,23.784862385321098
LineaA:1074,LineaA,7,43,52.608597662771295
LineaA:1074,LineaA,8,45,54.31799315139566
LineaA:1074,LineaA,9,72,88.4770092423998
LineaA:1074,LineaA,10,68,85.1611346637714
LineaA:1074,LineaA,11,131,164.06956670078466
LineaA:1074,LineaA,12,144,180.04912143911338
LineaA:1074,LineaA,13,177,222.3735831109467
LineaA:1074,LineaA,14,229,286.05911507614667
LineaA:1074,LineaA,15,362,454.28279025373166
LineaA:1074,LineaA,16,381,479.4449728116004
LineaA:1074,LineaA,17,620,777.1197590278018
LineaA:1074,LineaA,18,447,565.2558819868044
LineaA:1074,LineaA,19,171,230.57624622063724
LineaA:1074,LineaA,20,134,186.56774977895668
LineaA:1074,LineaA,21,58,82.80546774882527
LineaA:1074,LineaA,22,22,31.37909769555339
LineaA:1074,LineaA,23,8,11.907928388746804
LineaA:1076,LineaA,5,30,37.81849315068493
LineaA:1076,LineaA,6,143,179.0123853211009
LineaA:1076,LineaA,7,332,406.1873121869784
LineaA:1076,LineaA,8,405,488.8619383625609
LineaA:1076,LineaA,9,427,524.7178187014543
LineaA:1076,LineaA,10,371,464.62913176851754
LineaA:1076,LineaA,11,408,510.9952917093141
LineaA:1076,LineaA,12,514,642.6753362479463
LineaA:1076,LineaA,13,639,802.806325468333
LineaA:1076,LineaA,14,723,903.14733711814
LineaA:1076,LineaA,15,997,1251.1600604501948
LineaA:1076,LineaA,16,1599,2012.1588229022286
LineaA:1076,LineaA,17,2362,2960.57559810269
LineaA:1076,LineaA,18,1550,1960.0595460392549
LineaA:1076,LineaA,19,524,706.561128769672
LineaA:1076,LineaA,20,356,495.65760389036257
LineaA:1076,LineaA,21,195,278.3976932934643
LineaA:1076,LineaA,22,65,92.71097046413502
LineaA:1076,LineaA,23,13,19.350383631713555
LineaB:1077,LineaB,5,149,187.8318493150685
LineaB:1077,LineaB,6,1025,1283.130733944954
LineaB:1077,LineaB,7,2657,3250.7219532554263
LineaB:1077,LineaB,8,3099,3740.6991283594475
LineaB:1077,LineaB,9,1745,2144.3386267776064
LineaB:1077,LineaB,10,922,1154.6847964705476
LineaB:1077,LineaB,11,764,956.8637325144999
LineaB:1077,LineaB,12,874,1092.7981398457298
LineaB:1077,LineaB,13,878,1103.07348006447
LineaB:1077,LineaB,14,700,874.4165089663873
LineaB:1077,LineaB,15,608,762.9942996526764
LineaB:1077,LineaB,16,895,1126.2552510928672
LineaB:1077,LineaB,17,1055,1322.357009313437
LineaB:1077,LineaB,18,725,916.8020457280385
LineaB:1077,LineaB,19,445,600.037599813939
LineaB:1077,LineaB,20,373,519.3266467727675
LineaB:1077,LineaB,21,147,209.86903032891922
LineaB:1077,LineaB,22,104,148.33755274261603
LineaB:1078,LineaB,5,11,13.866780821917809
LineaB:1078,LineaB,6,162,202.797247706422
LineaB:1078,LineaB,7,532,650.878464106845
LineaB:1078,LineaB,8,687,829.2546954446404
LineaB:1078,LineaB,9,419,514.8870398967433
LineaB:1078,LineaB,10,201,251.72629510908902
LineaB:1078,LineaB,11,165,206.65250767656084
LineaB:1078,LineaB,12,183,228.81242516220658
LineaB:1078,LineaB,13,215,270.1148043438053
LineaB:1078,LineaB,14,128,159.8933044967108
LineaB:1078,LineaB,15,171,214.59214677731524
LineaB:1078,LineaB,16,217,273.06970892419235
LineaB:1078,LineaB,17,249,312.10132257729464
LineaB:1078,LineaB,18,210,265.5564546246732
LineaB:1078,LineaB,19,119,160.45949298395223
LineaB:1078,LineaB,20,60,83.53779840848807
LineaB:1078,LineaB,21,61,87.08850918410934
LineaB:1078,LineaB,22,19,27.10012982797793
LineaB:1078,LineaB,23,1,1.4884910485933505
LineaB:1079,LineaB,5,11,13.866780821917809
LineaB:1079,LineaB,6,208,260.3816513761468
LineaB:1079,LineaB,7,594,726.7327212020035
LineaB:1079,LineaB,8,752,907.7140188855452
LineaB:1079,LineaB,9,525,645.1448590591652
LineaB:1079,LineaB,10,318,398.2535415158722
LineaB:1079,LineaB,11,253,316.8671784373933
LineaB:1079,LineaB,12,317,396.35813539027043
LineaB:1079,LineaB,13,288,361.8282030279811
LineaB:1079,LineaB,14,225,281.06244931062446
LineaB:1079,LineaB,15,201,252.23989182596705
LineaB:1079,LineaB,16,282,354.864783025909
LineaB:1079,LineaB,17,296,371.0120139874667
LineaB:1079,LineaB,18,326,412.2447819411594
LineaB:1079,LineaB,19,160,215.74385611287695
LineaB:1079,LineaB,20,121,168.4678934571176
LineaB:1079,LineaB,21,76,108.50371636052967
LineaB:1079,LineaB,22,48,68.4634858812074
LineaB:1079,LineaB,23,2,2.976982097186701
LineaB:1080,LineaB,5,10,12.606164383561644
LineaB:1080,LineaB,6,69,86.37660550458715
LineaB:1080,LineaB,7,227,277.72445742904847
LineaB:1080,LineaB,8,325,392.2966172045242
LineaB:1080,LineaB,9,238,292.4656694401549
LineaB:1080,LineaB,10,155,194.11729224830248
LineaB:1080,LineaB,11,126,157.80736949846465
LineaB:1080,LineaB,12,225,281.32675224861464
LineaB:1080,LineaB,13,184,231.16801860121012
LineaB:1080,LineaB,14,189,236.09245742092455
LineaB:1080,LineaB,15,173,217.10199644722536
LineaB:1080,LineaB,16,236,296.97903827700185
LineaB:1080,LineaB,17,346,433.6829622961604
LineaB:1080,LineaB,18,280,354.07527283289767
LineaB:1080,LineaB,19,108,145.62710287619194
LineaB:1080,LineaB,20,76,105.81454465075156
LineaB:1080,LineaB,21,77,109.93139683895768
LineaB:1080,LineaB,22,89,126.94271340473873
LineaB:1080,LineaB,23,5,7.442455242966752
LineaB:1081,LineaB,5,176,221.86849315068494
LineaB:1081,LineaB,6,780,976.4311926605504
LineaB:1081,LineaB,7,1932,2363.7165275459106
LineaB:1081,LineaB,8,2694,3251.837189996887
LineaB:1081,LineaB,9,1998,2455.2370064765946
LineaB:1081,LineaB,10,1009,1263.6409540550787
LineaB:1081,LineaB,11,748,936.8247014670758
LineaB:1081,LineaB,12,906,1132.8090557210883
LineaB:1081,LineaB,13,902,1133.2258303168019
LineaB:1081,LineaB,14,720,899.3998377939984
LineaB:1081,LineaB,15,634,795.622345361508
LineaB:1081,LineaB,16,812,1021.809233393752
LineaB:1081,LineaB,17,926,1160.6659626770072
LineaB:1081,LineaB,18,822,1039.4638366737208
LineaB:1081,LineaB,19,383,516.4368555701992
LineaB:1081,LineaB,20,231,321.6205238726791
LineaB:1081,LineaB,21,157,224.14583511319944
LineaB:1081,LineaB,22,80,114.10580980201233
LineaB:1081,LineaB,23,6,8.930946291560103
LineaB:1082,LineaB,5,29,36.55787671232877
LineaB:1082,LineaB,6,163,204.04908256880734
LineaB:1082,LineaB,7,445,544.4378130217029
LineaB:1082,LineaB,8,683,824.4264293867386
LineaB:1082,LineaB,9,552,678.3237375250652
LineaB:1082,LineaB,10,372,465.88150139592597
LineaB:1082,LineaB,11,348,435.8489252814738
LineaB:1082,LineaB,12,398,497.6357661997717
LineaB:1082,LineaB,13,381,478.66856025576664
LineaB:1082,LineaB,14,331,413.4740920969631
LineaB:1082,LineaB,15,404,506.9896333218442
LineaB:1082,LineaB,16,474,596.4748480648257
LineaB:1082,LineaB,17,640,802.1881383512793
LineaB:1082,LineaB,18,603,762.5263911365618
LineaB:1082,LineaB,19,317,427.4425149236375
LineaB:1082,LineaB,20,188,261.75176834659595
LineaB:1082,LineaB,21,130,185.59846219564284
LineaB:1082,LineaB,22,107,152.6165206101915
LineaB:1082,LineaB,23,74,110.14833759590793
LineaB:1083,LineaB,5,19,23.951712328767123
LineaB:1083,LineaB,6,165,206.55275229357798
LineaB:1083,LineaB,7,692,846.6313856427381
LineaB:1083,LineaB,8,909,1097.2234616581923
LineaB:1083,LineaB,9,781,959.72978080992
LineaB:1083,LineaB,10,476,596.1279426463999
LineaB:1083,LineaB,11,415,519.7623677925621
LineaB:1083,LineaB,12,520,650.1773829745761
LineaB:1083,LineaB,13,491,616.8668322456205
LineaB:1083,LineaB,14,478,597.1015589799044
LineaB:1083,LineaB,15,402,504.4797836519341
LineaB:1083,LineaB,16,532,669.4612218786651
LineaB:1083,LineaB,17,523,655.5381193089361
LineaB:1083,LineaB,18,520,657.5683638325241
LineaB:1083,LineaB,19,336,453.0620978370416
LineaB:1083,LineaB,20,257,357.8202365163572
LineaB:1083,LineaB,21,170,242.70568133276373
LineaB:1083,LineaB,22,77,109.82684193443687
LineaB:1083,LineaB,23,6,8.930946291560103
LineaB:1084,LineaB,5,20,25.21232876712329
LineaB:1084,LineaB,6,198,247.86330275229358
LineaB:1084,LineaB,7,775,948.1782136894827
LineaB:1084,LineaB,8,1165,1406.2324893639097
LineaB:1084,LineaB,9,901,1107.1914628805864
LineaB:1084,LineaB,10,607,760.1883638369006
LineaB:1084,LineaB,11,505,632.4819174343226
LineaB:1084,LineaB,12,604,755.2060371473922
LineaB:1084,LineaB,13,614,771.3976272888208
LineaB:1084,LineaB,14,508,634.576552221321
LineaB:1084,LineaB,15,517,648.796139671766
LineaB:1084,LineaB,16,636,800.3333404414117
LineaB:1084,LineaB,17,716,897.4479797804937
LineaB:1084,LineaB,18,691,873.8071911697581
LineaB:1084,LineaB,19,495,667.4575548492131
LineaB:1084,LineaB,20,287,399.58913572060123
LineaB:1084,LineaB,21,183,261.265527552328
LineaB:1084,LineaB,22,115,164.02710159039273
LineaB:1084,LineaB,23,5,7.442455242966752
LineaB:1085,LineaB,5,30,37.81849315068493
LineaB:1085,LineaB,6,136,170.24954128440368
LineaB:1085,LineaB,7,619,757.3191151919868
LineaB:1085,LineaB,8,704,849.7748261907232
LineaB:1085,LineaB,9,624,766.800746767465
LineaB:1085,LineaB,10,526,658.74642401682
LineaB:1085,LineaB,11,478,598.6660525417944
LineaB:1085,LineaB,12,622,777.7121773272814
LineaB:1085,LineaB,13,580,728.6817977646841
LineaB:1085,LineaB,14,529,660.8090474903127
LineaB:1085,LineaB,15,555,696.4832834000582
LineaB:1085,LineaB,16,750,943.7893165582685
LineaB:1085,LineaB,17,704,882.4069521864072
LineaB:1085,LineaB,18,730,923.1248184571974
LineaB:1085,LineaB,19,469,632.3991782308706
LineaB:1085,LineaB,20,361,502.6190870910699
LineaB:1085,LineaB,21,218,311.2343442973088
LineaB:1085,LineaB,22,159,226.78529698149953
LineaB:1085,LineaB,23,17,25.304347826086957
LineaB:1086,LineaB,5,17,21.430479452054797
LineaB:1086,LineaB,6,76,95.13944954128439
LineaB:1086,LineaB,7,256,313.2046744574291
LineaB:1086,LineaB,8,288,347.6351561689322
LineaB:1086,LineaB,9,277,340.39071611312147
LineaB:1086,LineaB,10,270,338.1397994002688
LineaB:1086,LineaB,11,311,389.5086659843056
LineaB:1086,LineaB,12,464,580.1582801926986
LineaB:1086,LineaB,13,464,582.9454382117473
LineaB:1086,LineaB,14,456,569.6198972695323
LineaB:1086,LineaB,15,544,682.6791102155526
LineaB:1086,LineaB,16,664,835.5681415929204
LineaB:1086,LineaB,17,722,904.968493577537
LineaB:1086,LineaB,18,721,911.7438275447114
LineaB:1086,LineaB,19,623,840.0526397395147
LineaB:1086,LineaB,20,469,652.9871242263484
LineaB:1086,LineaB,21,404,576.7829132849208
LineaB:1086,LineaB,22,258,367.9912366114898
LineaB:1086,LineaB,23,41,61.02813299232737
LineaB:1088,LineaB,5,14,17.648630136986302
LineaB:1088,LineaB,6,57,71.3545871559633
LineaB:1088,LineaB,7,181,221.44549248747919
LineaB:1088,LineaB,8,226,272.79703227145376
LineaB:1088,LineaB,9,256,314.58492175075486
LineaB:1088,LineaB,10,305,381.97273635956293
LineaB:1088,LineaB,11,384,480.93674513817797
LineaB:1088,LineaB,12,576,720.1964857564535
LineaB:1088,LineaB,13,515,647.0191824979522
LineaB:1088,LineaB,14,505,630.8290528971794
LineaB:1088,LineaB,15,560,702.7579075748336
LineaB:1088,LineaB,16,669,841.8600703699756
LineaB:1088,LineaB,17,679,851.0714780320604
LineaB:1088,LineaB,18,534,675.2721274741691
LineaB:1088,LineaB,19,277,373.50655089541823
LineaB:1088,LineaB,20,194,270.10554818744475
LineaB:1088,LineaB,21,142,202.73062793677911
LineaB:1088,LineaB,22,56,79.87406686140864
LineaB:1088,LineaB,23,5,7.442455242966752
LineaB:1089,LineaB,5,18,22.69109589041096
LineaB:1089,LineaB,6,97,121.42798165137614
LineaB:1089,LineaB,7,193,236.12696160267117
LineaB:1089,LineaB,8,291,351.2563557123586
LineaB:1089,LineaB,9,311,382.1715260331436
LineaB:1089,LineaB,10,316,395.74880226105535
LineaB:1089,LineaB,11,398,498.47089730467405
LineaB:1089,LineaB,12,713,891.4932193478322
LineaB:1089,LineaB,13,731,918.390334768938
LineaB:1089,LineaB,14,602,751.998197711093
LineaB:1089,LineaB,15,664,833.2700904101598
LineaB:1089,LineaB,16,947,1191.6913103742404
LineaB:1089,LineaB,17,943,1181.974085101963
LineaB:1089,LineaB,18,763,964.8551184696461
LineaB:1089,LineaB,19,609,821.1750523296379
LineaB:1089,LineaB,20,390,542.9956896551724
LineaB:1089,LineaB,21,211,301.24058094831264
LineaB:1089,LineaB,22,162,231.064264849075
LineaB:1089,LineaB,23,36,53.58567774936061
LineaB:1090,LineaB,6,14,17.525688073394495
LineaB:1090,LineaB,7,120,146.8146911519199
LineaB:1090,LineaB,8,171,206.4083739753035
LineaB:1090,LineaB,9,199,244.54062276718835
LineaB:1090,LineaB,10,270,338.1397994002688
LineaB:1090,LineaB,11,376,470.91722961446595
LineaB:1090,LineaB,12,523,653.9284063378909
LineaB:1090,LineaB,13,703,883.2125928078843
LineaB:1090,LineaB,14,601,750.7490312697125
LineaB:1090,LineaB,15,794,996.4103189543175
LineaB:1090,LineaB,16,806,1014.2589188612859
LineaB:1090,LineaB,17,858,1075.4334729771838
LineaB:1090,LineaB,18,750,948.415909373833
LineaB:1090,LineaB,19,376,506.99806186526087
LineaB:1090,LineaB,20,234,325.7974137931035
LineaB:1090,LineaB,21,201,286.9637761640324
LineaB:1090,LineaB,22,152,216.80103862382344
LineaB:1090,LineaB,23,16,23.815856777493607
LineaB:1092,LineaB,5,2,2.521232876712329
LineaB:1092,LineaB,6,22,27.540366972477063
LineaB:1092,LineaB,7,70,85.64190317195327
LineaB:1092,LineaB,8,107,129.15611704887414
LineaB:1092,LineaB,9,138,169.5809343812663
LineaB:1092,LineaB,10,261,326.8684727535932
LineaB:1092,LineaB,11,364,455.88795632889787
LineaB:1092,LineaB,12,484,605.1651026147978
LineaB:1092,LineaB,13,465,584.2017861389278
LineaB:1092,LineaB,14,640,799.4665224835541
LineaB:1092,LineaB,15,954,1197.1982925471273
LineaB:1092,LineaB,16,1198,1507.5461349824077
LineaB:1092,LineaB,17,1628,2040.5660769310668
LineaB:1092,LineaB,18,1249,1579.4286277438898
LineaB:1092,LineaB,19,516,695.7739359640282
LineaB:1092,LineaB,20,281,391.23535587975243
LineaB:1092,LineaB,21,138,197.01990602306702
LineaB:1092,LineaB,22,51,72.74245374878286
LineaB:1092,LineaB,23,8,11.907928388746804
LineaC:1094,LineaC,5,905,1140.8578767123288
LineaC:1094,LineaC,6,4368,5468.014678899082
LineaC:1094,LineaC,7,7395,9047.455342237065
LineaC:1094,LineaC,8,7516,9072.311922797551
LineaC:1094,LineaC,9,5490,6746.371954732985
LineaC:1094,LineaC,10,2505,3137.18591665805
LineaC:1094,LineaC,11,2355,2949.494882292732
LineaC:1094,LineaC,12,2084,2605.710896382724
LineaC:1094,LineaC,13,2255,2833.0645757920047
LineaC:1094,LineaC,14,1948,2433.3762278093177
LineaC:1094,LineaC,15,1467,1840.974732879073
LineaC:1094,LineaC,16,1162,1462.2442477876107
LineaC:1094,LineaC,17,1666,2088.195997645674
LineaC:1094,LineaC,18,1311,1657.83100958546
LineaC:1094,LineaC,19,687,926.3501821846654
LineaC:1094,LineaC,20,489,680.8330570291778
LineaC:1094,LineaC,21,224,319.80042716787693
LineaC:1094,LineaC,22,147,209.66942551119766
LineaC:1094,LineaC,23,7,10.419437340153454
LineaC:1095,LineaC,5,23,28.99417808219178
LineaC:1095,LineaC,6,44,55.080733944954126
LineaC:1095,LineaC,7,146,178.62454090150254
LineaC:1095,LineaC,8,191,230.54970426481268
LineaC:1095,LineaC,9,168,206.44635489893287
LineaC:1095,LineaC,10,181,226.67890256092096
LineaC:1095,LineaC,11,180,225.43909928352093
LineaC:1095,LineaC,12,249,311.33493915513355
LineaC:1095,LineaC,13,171,214.83549554786376
LineaC:1095,LineaC,14,136,169.88663602775523
LineaC:1095,LineaC,15,146,183.21902590343873
LineaC:1095,LineaC,16,207,260.4858513700821
LineaC:1095,LineaC,17,253,317.1149984419901
LineaC:1095,LineaC,18,188,237.73625461637414
LineaC:1095,LineaC,19,128,172.59508489030156
LineaC:1095,LineaC,20,123,171.25248673740055
LineaC:1095,LineaC,21,201,286.9637761640324
LineaC:1095,LineaC,22,56,79.87406686140864
LineaC:1095,LineaC,23,6,8.930946291560103
LineaC:1097,LineaC,5,6,7.563698630136987
LineaC:1097,LineaC,6,22,27.540366972477063
LineaC:1097,LineaC,7,58,70.96043405676129
LineaC:1097,LineaC,8,96,115.87838538964408
LineaC:1097,LineaC,9,79,97.07894069652201
LineaC:1097,LineaC,10,86,107.70378795712267
LineaC:1097,LineaC,11,122,152.79761173660862
LineaC:1097,LineaC,12,176,220.0600373144719
LineaC:1097,LineaC,13,204,256.29497714481994
LineaC:1097,LineaC,14,239,298.5507794899522
LineaC:1097,LineaC,15,351,440.478617069226
LineaC:1097,LineaC,16,424,533.5555602942745
LineaC:1097,LineaC,17,601,753.3047986704983
LineaC:1097,LineaC,18,442,558.9331092576456
LineaC:1097,LineaC,19,209,281.81541204744553
LineaC:1097,LineaC,20,130,180.9985632183908
LineaC:1097,LineaC,21,46,65.673302007689
LineaC:1097,LineaC,22,26,37.08438818565401
LineaC:1097,LineaC,23,9,13.396419437340153
LineaC:1098,LineaA,5,5,6.303082191780822
LineaC:1098,LineaA,6,52,65.0954128440367
LineaC:1098,LineaA,7,135,165.1665275459099
LineaC:1098,LineaA,8,139,167.78224551208882
LineaC:1098,LineaA,9,141,173.26747643303295
LineaC:1098,LineaA,10,155,194.11729224830248
LineaC:1098,LineaA,11,166,207.90494711702485
LineaC:1098,LineaA,12,227,283.82743449082454
LineaC:1098,LineaA,13,274,344.2393320474542
LineaC:1098,LineaA,14,303,378.4974317383076
LineaC:1098,LineaA,15,398,499.46008431211385
LineaC:1098,LineaA,16,479,602.7667768418809
LineaC:1098,LineaA,17,563,705.674877955891
LineaC:1098,LineaA,18,450,569.0495456242998
LineaC:1098,LineaA,19,178,240.01503992557562
LineaC:1098,LineaA,20,165,229.72894562334218
LineaC:1098,LineaA,21,108,154.18949167022637
LineaC:1098,LineaA,22,119,169.73239208049336
LineaC:1098,LineaA,23,12,17.861892583120206
LineaC:1098,LineaC,5,8,10.084931506849315
LineaC:1098,LineaC,6,34,42.56238532110092
LineaC:1098,LineaC,7,59,72.18388981636062
LineaC:1098,LineaC,8,87,105.01478675936494
LineaC:1098,LineaC,9,105,129.02897181183306
LineaC:1098,LineaC,10,101,126.48933236824871
LineaC:1098,LineaC,11,137,171.5842033435687
LineaC:1098,LineaC,12,114,142.53888780596475
LineaC:1098,LineaC,13,134,168.35062224218564
LineaC:1098,LineaC,14,173,216.1057943588357
LineaC:1098,LineaC,15,294,368.9479014767876
LineaC:1098,LineaC,16,319,401.4250559761169
LineaC:1098,LineaC,17,396,496.3539106048541
LineaC:1098,LineaC,18,211,266.821009170505
LineaC:1098,LineaC,19,152,204.9566633072331
LineaC:1098,LineaC,20,143,199.09841954022988
LineaC:1098,LineaC,21,52,74.23938487825714
LineaC:1098,LineaC,22,28,39.93703343070432
LineaC:1098,LineaC,23,2,2.976982097186701
LineaC:1100,LineaC,5,10,12.606164383561644
LineaC:1100,LineaC,6,32,40.05871559633027
LineaC:1100,LineaC,7,72,88.08881469115194
LineaC:1100,LineaC,8,46,55.52505966587112
LineaC:1100,LineaC,9,54,66.35775693179986
LineaC:1100,LineaC,10,93,116.47037534898149
LineaC:1100,LineaC,11,100,125.24394404640051
LineaC:1100,LineaC,12,133,166.29536910695887
LineaC:1100,LineaC,13,170,213.57914762068327
LineaC:1100,LineaC,14,227,283.5607821933856
LineaC:1100,LineaC,15,399,500.7150091470689
LineaC:1100,LineaC,16,673,846.8936133916196
LineaC:1100,LineaC,17,742,930.0368729010145
LineaC:1100,LineaC,18,604,763.7909456823935
LineaC:1100,LineaC,19,306,412.61012481587716
LineaC:1100,LineaC,20,155,215.80597922192752
LineaC:1100,LineaC,21,87,124.20820162323791
LineaC:1100,LineaC,22,23,32.805420318078546
LineaC:1100,LineaC,23,2,2.976982097186701
LineaC:1101,LineaC,5,3,3.7818493150684933
LineaC:1101,LineaC,6,18,22.53302752293578
LineaC:1101,LineaC,7,47,57.502420701168624
LineaC:1101,LineaC,8,48,57.93919269482204
LineaC:1101,LineaC,9,50,61.44236752944431
LineaC:1101,LineaC,10,73,91.42298280081343
LineaC:1101,LineaC,11,91,113.97198908222447
LineaC:1101,LineaC,12,116,145.03957004817465
LineaC:1101,LineaC,13,134,168.35062224218564
LineaC:1101,LineaC,14,160,199.86663062088851
LineaC:1101,LineaC,15,210,263.5342153405626
LineaC:1101,LineaC,16,303,381.2908838895405
LineaC:1101,LineaC,17,592,742.0240279749333
LineaC:1101,LineaC,18,507,641.129154736711
LineaC:1101,LineaC,19,233,314.17699046437707
LineaC:1101,LineaC,20,110,153.15263041556145
LineaC:1101,LineaC,21,64,91.3715506193934
LineaC:1101,LineaC,22,22,31.37909769555339
LineaC:1101,LineaC,23,2,2.976982097186701
LineaD:1103,LineaD,5,65,81.94006849315069
LineaD:1103,LineaD,6,646,808.6853211009173
LineaD:1103,LineaD,7,2070,2532.553422370618
LineaD:1103,LineaD,8,2593,3129.9234720348654
LineaD:1103,LineaD,9,1790,2199.636757554106
LineaD:1103,LineaD,10,1002,1254.87436666322
LineaD:1103,LineaD,11,875,1095.8845104060044
LineaD:1103,LineaD,12,1060,1325.3615883712512
LineaD:1103,LineaD,13,1151,1446.0564641847438
LineaD:1103,LineaD,14,867,1083.0273046769396
LineaD:1103,LineaD,15,882,1106.8437044303628
LineaD:1103,LineaD,16,1095,1377.932402175072
LineaD:1103,LineaD,17,1479,1853.8066509711596
LineaD:1103,LineaD,18,1354,1712.2068550562265
LineaD:1103,LineaD,19,538,725.4387161795488
LineaD:1103,LineaD,20,357,497.04990053050403
LineaD:1103,LineaD,21,173,246.98872276804778
LineaD:1103,LineaD,22,87,124.09006815968841
LineaD:1104,LineaD,5,23,28.99417808219178
LineaD:1104,LineaD,6,174,217.81926605504586
LineaD:1104,LineaD,7,636,778.1178631051755
LineaD:1104,LineaD,8,806,972.89561066722
LineaD:1104,LineaD,9,630,774.1738308709982
LineaD:1104,LineaD,10,478,598.6326819012166
LineaD:1104,LineaD,11,437,547.3160354827702
LineaD:1104,LineaD,12,527,658.9297708223107
LineaD:1104,LineaD,13,626,786.4738024149866
LineaD:1104,LineaD,14,503,628.3307200144183
LineaD:1104,LineaD,15,528,662.6003128562717
LineaD:1104,LineaD,16,603,758.8066105128479
LineaD:1104,LineaD,17,797,998.9749160405776
LineaD:1104,LineaD,18,760,961.0614548321507
LineaD:1104,LineaD,19,528,711.9547251724939
LineaD:1104,LineaD,20,396,551.3494694960212
LineaD:1104,LineaD,21,167,238.42263989747966
LineaD:1104,LineaD,22,94,134.07432651736448
LineaD:1105,LineaD,5,14,17.648630136986302
LineaD:1105,LineaD,6,167,209.05642201834863
LineaD:1105,LineaD,7,608,743.8611018363941
LineaD:1105,LineaD,8,710,857.0172252775759
LineaD:1105,LineaD,9,595,731.1641736003872
LineaD:1105,LineaD,10,370,463.3767621411091
LineaD:1105,LineaD,11,312,390.7611054247696
LineaD:1105,LineaD,12,448,560.1528222550194
LineaD:1105,LineaD,13,442,555.3057838137765
LineaD:1105,LineaD,14,369,460.94241686942416
LineaD:1105,LineaD,15,364,456.7926399236418
LineaD:1105,LineaD,16,485,610.317091374347
LineaD:1105,LineaD,17,486,609.1616175605027
LineaD:1105,LineaD,18,468,591.8115274492718
LineaD:1105,LineaD,19,315,424.7457167222265
LineaD:1105,LineaD,20,188,261.75176834659595
LineaD:1105,LineaD,21,109,155.6171721486544
LineaD:1105,LineaD,22,35,49.921291788380394
LineaD:1105,LineaD,23,2,2.976982097186701
LineaD:1106,LineaD,5,12,15.127397260273973
LineaD:1106,LineaD,6,123,153.97568807339448
LineaD:1106,LineaD,7,489,598.2698664440736
LineaD:1106,LineaD,8,673,812.3557642419839
LineaD:1106,LineaD,9,541,664.8064166685874
LineaD:1106,LineaD,10,356,445.84358735739147
LineaD:1106,LineaD,11,340,425.82940975776177
LineaD:1106,LineaD,12,402,502.6371306841915
LineaD:1106,LineaD,13,440,552.7930879594155
LineaD:1106,LineaD,14,348,434.7099216004325
LineaD:1106,LineaD,15,391,490.67561046742844
LineaD:1106,LineaD,16,481,605.2835483527028
LineaD:1106,LineaD,17,463,580.3329813385036
LineaD:1106,LineaD,18,512,647.45192746587
LineaD:1106,LineaD,19,309,416.6553221179936
LineaD:1106,LineaD,20,246,342.5049734748011
LineaD:1106,LineaD,21,113,161.32789406236648
LineaD:1106,LineaD,22,51,72.74245374878286
LineaD:1106,LineaD,23,2,2.976982097186701
LineaD:1107,LineaD,5,6,7.563698630136987
LineaD:1107,LineaD,6,151,189.0270642201835
LineaD:1107,LineaD,7,506,619.0686143572623
LineaD:1107,LineaD,8,675,814.7698972709348
LineaD:1107,LineaD,9,542,666.0352640191763
LineaD:1107,LineaD,10,393,492.1812635715024
LineaD:1107,LineaD,11,355,444.6160013647218
LineaD:1107,LineaD,12,460,575.1569157082788
LineaD:1107,LineaD,13,488,613.097788464079
LineaD:1107,LineaD,14,388,484.67657925565464
LineaD:1107,LineaD,15,383,480.63621178778794
LineaD:1107,LineaD,16,498,626.6761061946903
LineaD:1107,LineaD,17,622,779.6265969601496
LineaD:1107,LineaD,18,553,699.2986638449728
LineaD:1107,LineaD,19,305,411.2617257151717
LineaD:1107,LineaD,20,195,271.4978448275862
LineaD:1107,LineaD,21,150,214.1520717642033
LineaD:1107,LineaD,22,70,99.84258357676079
LineaD:1107,LineaD,23,7,10.419437340153454
LineaD:1108,LineaD,5,33,41.60034246575343
LineaD:1108,LineaD,6,173,216.56743119266054
LineaD:1108,LineaD,7,554,677.7944908180302
LineaD:1108,LineaD,8,694,837.7041610459686
LineaD:1108,LineaD,9,686,842.9892825039759
LineaD:1108,LineaD,10,526,658.74642401682
LineaD:1108,LineaD,11,484,606.1806891845785
LineaD:1108,LineaD,12,606,757.7067193896021
LineaD:1108,LineaD,13,682,856.829286337094
LineaD:1108,LineaD,14,596,744.5031990628097
LineaD:1108,LineaD,15,617,774.2886231672719
LineaD:1108,LineaD,16,792,996.6415182855316
LineaD:1108,LineaD,17,915,1146.8783540490947
LineaD:1108,LineaD,18,870,1100.1624548736463
LineaD:1108,LineaD,19,495,667.4575548492131
LineaD:1108,LineaD,20,317,441.3580349248453
LineaD:1108,LineaD,21,223,318.3727466894489
LineaD:1108,LineaD,22,121,172.58503732554365
LineaD:1108,LineaD,23,8,11.907928388746804
LineaD:1109,LineaD,5,17,21.430479452054797
LineaD:1109,LineaD,6,95,118.9243119266055
LineaD:1109,LineaD,7,336,411.0811352253757
LineaD:1109,LineaD,8,468,564.9071287745148
LineaD:1109,LineaD,9,397,487.8523981837878
LineaD:1109,LineaD,10,291,364.4395615758453
LineaD:1109,LineaD,11,385,482.18918457864197
LineaD:1109,LineaD,12,571,713.9447801509288
LineaD:1109,LineaD,13,617,775.1666710703622
LineaD:1109,LineaD,14,570,712.0248715869153
LineaD:1109,LineaD,15,681,854.6038126043958
LineaD:1109,LineaD,16,699,879.6116430323062
LineaD:1109,LineaD,17,804,1007.7488488037947
LineaD:1109,LineaD,18,653,825.7541184281506
LineaD:1109,LineaD,19,373,502.9528645631444
LineaD:1109,LineaD,20,212,295.16688770999116
LineaD:1109,LineaD,21,104,148.47876975651428
LineaD:1109,LineaD,22,53,75.59509899383318
LineaD:1109,LineaD,23,4,5.953964194373402
LineaD:1110,LineaD,5,4,5.042465753424658
LineaD:1110,LineaD,6,86,107.6577981651376
LineaD:1110,LineaD,7,500,611.7278797996662
LineaD:1110,LineaD,8,590,712.1692435405208
LineaD:1110,LineaD,9,525,645.1448590591652
LineaD:1110,LineaD,10,300,375.7108882225209
LineaD:1110,LineaD,11,297,371.9745138178095
LineaD:1110,LineaD,12,409,511.38951853192617
LineaD:1110,LineaD,13,461,579.1763944302058
LineaD:1110,LineaD,14,390,487.1749121384158
LineaD:1110,LineaD,15,455,570.9907999045522
LineaD:1110,LineaD,16,486,611.575477129758
LineaD:1110,LineaD,17,576,721.9693245161513
LineaD:1110,LineaD,18,449,567.784991078468
LineaD:1110,LineaD,19,329,443.6233041321032
LineaD:1110,LineaD,20,197,274.28243810786915
LineaD:1110,LineaD,21,112,159.90021358393847
LineaD:1110,LineaD,22,58,82.72671210645895
LineaD:1110,LineaD,23,6,8.930946291560103
LineaD:1111,LineaD,5,10,12.606164383561644
LineaD:1111,LineaD,6,91,113.91697247706422
LineaD:1111,LineaD,7,439,537.097078464107
LineaD:1111,LineaD,8,602,726.6540417142264
LineaD:1111,LineaD,9,543,667.2641113697651
LineaD:1111,LineaD,10,364,455.8625443766587
LineaD:1111,LineaD,11,396,495.96601842374605
LineaD:1111,LineaD,12,553,691.4386399710396
LineaD:1111,LineaD,13,586,736.2198853277671
LineaD:1111,LineaD,14,528,659.5598810489321
LineaD:1111,LineaD,15,578,725.3465546040246
LineaD:1111,LineaD,16,742,933.7222305149803
LineaD:1111,LineaD,17,706,884.913790118755
LineaD:1111,LineaD,18,680,859.8970911656086
LineaD:1111,LineaD,19,503,678.244747654857
LineaD:1111,LineaD,20,421,586.1568854995579
LineaD:1111,LineaD,21,230,328.366510038445
LineaD:1111,LineaD,22,104,148.33755274261603
LineaD:1111,LineaD,23,13,19.350383631713555
LineaD:1112,LineaD,5,8,10.084931506849315
LineaD:1112,LineaD,6,64,80.11743119266055
LineaD:1112,LineaD,7,370,452.67863105175303
LineaD:1112,LineaD,8,513,619.2251219259106
LineaD:1112,LineaD,9,410,503.8274137414433
LineaD:1112,LineaD,10,296,370.7014097128873
LineaD:1112,LineaD,11,242,303.0903445922892
LineaD:1112,LineaD,12,310,387.6057475425357
LineaD:1112,LineaD,13,348,437.2090786588105
LineaD:1112,LineaD,14,313,390.9890961521132
LineaD:1112,LineaD,15,313,392.79147334093375
LineaD:1112,LineaD,16,427,537.3307175605075
LineaD:1112,LineaD,17,462,579.0795623723297
LineaD:1112,LineaD,18,379,479.26617287024357
LineaD:1112,LineaD,19,277,373.50655089541823
LineaD:1112,LineaD,20,211,293.7745910698497
LineaD:1112,LineaD,21,88,125.63588210166593
LineaD:1112,LineaD,22,48,68.4634858812074
LineaD:1112,LineaD,23,6,8.930946291560103
LineaD:1114,LineaD,5,5,6.303082191780822
LineaD:1114,LineaD,6,86,107.6577981651376
LineaD:1114,LineaD,7,203,248.3615191986645
LineaD:1114,LineaD,8,422,509.38206910864375
LineaD:1114,LineaD,9,473,581.2447968285431
LineaD:1114,LineaD,10,609,762.6931030917175
LineaD:1114,LineaD,11,666,834.1246673490274
LineaD:1114,LineaD,12,1065,1331.613293976776
LineaD:1114,LineaD,13,848,1065.3830422490553
LineaD:1114,LineaD,14,723,903.14733711814
LineaD:1114,LineaD,15,848,1064.1762600418908
LineaD:1114,LineaD,16,1025,1289.8453992963002
LineaD:1114,LineaD,17,1069,1339.9048748398711
LineaD:1114,LineaD,18,1024,1294.90385493174
LineaD:1114,LineaD,19,807,1088.1580742693232
LineaD:1114,LineaD,20,772,1074.8530061892131
LineaD:1114,LineaD,21,483,689.5696710807346
LineaD:1114,LineaD,22,249,355.1543330087634
LineaD:1114,LineaD,23,44,65.49360613810742
LineaD:1115,LineaD,5,9,11.34554794520548
LineaD:1115,LineaD,6,64,80.11743119266055
LineaD:1115,LineaD,7,205,250.80843071786316
LineaD:1115,LineaD,8,313,377.8118190308187
LineaD:1115,LineaD,9,368,452.2158250167101
LineaD:1115,LineaD,10,391,489.67652431668563
LineaD:1115,LineaD,11,468,586.1416581371544
LineaD:1115,LineaD,12,542,677.684887638885
LineaD:1115,LineaD,13,689,865.6237218273575
LineaD:1115,LineaD,14,598,747.0015319455708
LineaD:1115,LineaD,15,641,804.4068192061934
LineaD:1115,LineaD,16,775,975.2489604435442
LineaD:1115,LineaD,17,832,1042.8445798566631
LineaD:1115,LineaD,18,821,1038.199282127889
LineaD:1115,LineaD,19,632,852.188231645864
LineaD:1115,LineaD,20,505,703.1098032714413
LineaD:1115,LineaD,21,260,371.1969243912857
LineaD:1115,LineaD,22,144,205.3904576436222
LineaD:1115,LineaD,23,15,22.327365728900258
LineaD:1116,LineaD,5,1,1.2606164383561644
LineaD:1116,LineaD,6,32,40.05871559633027
LineaD:1116,LineaD,7,118,144.36777963272124
LineaD:1116,LineaD,8,175,211.23664003320533
LineaD:1116,LineaD,9,243,298.60990619309933
LineaD:1116,LineaD,10,280,350.6634956743529
LineaD:1116,LineaD,11,369,462.1501535312179
LineaD:1116,LineaD,12,539,673.9338642755702
LineaD:1116,LineaD,13,885,1111.8679155547336
LineaD:1116,LineaD,14,714,891.904839145715
LineaD:1116,LineaD,15,722,906.0557308375533
LineaD:1116,LineaD,16,737,927.4303017379252
LineaD:1116,LineaD,17,756,947.5847384274487
LineaD:1116,LineaD,18,888,1122.9244366986181
LineaD:1116,LineaD,19,316,426.094115822932
LineaD:1116,LineaD,20,190,264.5363616268789
LineaD:1116,LineaD,21,129,184.17078171721482
LineaD:1116,LineaD,22,159,226.78529698149953
LineaD:1116,LineaD,23,10,14.884910485933505
LineaD:1117,LineaB,5,49,61.77020547945206
LineaD:1117,LineaB,6,154,192.78256880733943
LineaD:1117,LineaB,7,342,418.4218697829717
LineaD:1117,LineaB,8,376,453.8570094427726
LineaD:1117,LineaB,9,317,389.5446101366769
LineaD:1117,LineaB,10,319,399.50591114328057
LineaD:1117,LineaB,11,457,572.3648242920503
LineaD:1117,LineaB,12,548,685.1869343655147
LineaD:1117,LineaB,13,720,904.5705075699527
LineaD:1117,LineaB,14,734,916.8881679733261
LineaD:1117,LineaB,15,855,1072.9607338865762
LineaD:1117,LineaB,16,942,1185.3993815971853
LineaD:1117,LineaB,17,1128,1413.8565938441297
LineaD:1117,LineaB,18,1270,1605.984273206357
LineaD:1117,LineaB,19,661,891.2918055663229
LineaD:1117,LineaB,20,506,704.5020999115827
LineaD:1117,LineaB,21,347,495.4051260145236
LineaD:1117,LineaB,22,337,480.670723790977
LineaD:1117,LineaB,23,84,125.03324808184144
LineaE:1119,LineaA,5,7,8.824315068493151
LineaE:1119,LineaA,6,26,32.54770642201835
LineaE:1119,LineaA,7,52,63.61969949916529
LineaE:1119,LineaA,8,82,98.97945418698765
LineaE:1119,LineaA,9,111,136.40205591536636
LineaE:1119,LineaA,10,170,212.90283665942852
LineaE:1119,LineaA,11,211,264.2647219379051
LineaE:1119,LineaA,12,284,355.09687839380695
LineaE:1119,LineaA,13,347,435.95273073162997
LineaE:1119,LineaA,14,445,555.8790664143462
LineaE:1119,LineaA,15,749,939.9387013813399
LineaE:1119,LineaA,16,906,1140.0974944023883
LineaE:1119,LineaA,17,1095,1372.493767960392
LineaE:1119,LineaA,18,822,1039.4638366737208
LineaE:1119,LineaA,19,439,591.9472052097061
LineaE:1119,LineaA,20,269,374.52779619805483
LineaE:1119,LineaA,21,93,132.77428449380605
LineaE:1119,LineaA,22,34,48.494969165855245
LineaE:1119,LineaA,23,5,7.442455242966752
LineaE:1119,LineaD,5,21,26.472945205479455
LineaE:1119,LineaD,6,136,170.24954128440368
LineaE:1119,LineaD,7,303,370.7070951585977
LineaE:1119,LineaD,8,411,496.10433744941366
LineaE:1119,LineaD,9,395,485.39470348261005
LineaE:1119,LineaD,10,445,557.3044841967394
LineaE:1119,LineaD,11,516,646.2587512794266
LineaE:1119,LineaD,12,691,863.9857146835232
LineaE:1119,LineaD,13,843,1059.101302613153
LineaE:1119,LineaD,14,893,1115.505632152834
LineaE:1119,LineaD,15,1420,1781.993265636185
LineaE:1119,LineaD,16,1942,2443.78513700821
LineaE:1119,LineaD,17,2770,3471.970536301631
LineaE:1119,LineaD,18,1868,2362.18789161376
LineaE:1119,LineaD,19,687,926.3501821846654
LineaE:1119,LineaD,20,415,577.8031056587091
LineaE:1119,LineaD,21,291,415.45501922255437
LineaE:1119,LineaD,22,122,174.01135994806882
LineaE:1119,LineaD,23,11,16.373401534526856
LineaE:1119,LineaE,5,13,16.38801369863014
LineaE:1119,LineaE,6,86,107.6577981651376
LineaE:1119,LineaE,7,131,160.27270450751257
LineaE:1119,LineaE,8,129,155.71158036733422
LineaE:1119,LineaE,9,131,160.97900292714408
LineaE:1119,LineaE,10,177,221.66942405128734
LineaE:1119,LineaE,11,202,252.99276697372903
LineaE:1119,LineaE,12,299,373.85199521038123
LineaE:1119,LineaE,13,345,433.440034877269
LineaE:1119,LineaE,14,425,530.8957375867351
LineaE:1119,LineaE,15,705,884.7220086433173
LineaE:1119,LineaE,16,1075,1352.7646870668516
LineaE:1119,LineaE,17,1206,1511.623273205692
LineaE:1119,LineaE,18,747,944.6222457363376
LineaE:1119,LineaE,19,290,391.0357392045895
LineaE:1119,LineaE,20,296,412.1198054818745
LineaE:1119,LineaE,21,124,177.03237932507471
LineaE:1119,LineaE,22,58,82.72671210645895
LineaE:1119,LineaE,23,14,20.83887468030691
LineaE:1120,LineaE,5,4,5.042465753424658
LineaE:1120,LineaE,6,28,35.05137614678899
LineaE:1120,LineaE,7,62,75.85425709515862
LineaE:1120,LineaE,8,91,109.84305281726678
LineaE:1120,LineaE,9,96,117.96934565653308
LineaE:1120,LineaE,10,100,125.23696274084031
LineaE:1120,LineaE,11,96,120.23418628454449
LineaE:1120,LineaE,12,148,185.0504859235332
LineaE:1120,LineaE,13,130,163.32523053346367
LineaE:1120,LineaE,14,192,239.83995674506622
LineaE:1120,LineaE,15,269,337.5747806029111
LineaE:1120,LineaE,16,395,497.06237338735474
LineaE:1120,LineaE,17,468,586.600076169373
LineaE:1120,LineaE,18,308,389.4828001161874
LineaE:1120,LineaE,19,125,168.54988758818513
LineaE:1120,LineaE,20,78,108.59913793103449
LineaE:1120,LineaE,21,83,118.49747970952582
LineaE:1120,LineaE,22,19,27.10012982797793
LineaE:1120,LineaE,23,7,10.419437340153454
LineaE:1121,LineaE,5,11,13.866780821917809
LineaE:1121,LineaE,6,76,95.13944954128439
LineaE:1121,LineaE,7,128,156.60233722871456
LineaE:1121,LineaE,8,172,207.61544048977896
LineaE:1121,LineaE,9,274,336.7041740613548
LineaE:1121,LineaE,10,384,480.90993692482675
LineaE:1121,LineaE,11,1396,1748.4054588877511
LineaE:1121,LineaE,12,953,1191.5750884130211
LineaE:1121,LineaE,13,271,340.47028826591276
LineaE:1121,LineaE,14,199,248.5841218347301
LineaE:1121,LineaE,15,301,377.73237532147306
LineaE:1121,LineaE,16,484,609.058705618936
LineaE:1121,LineaE,17,1642,2058.113942457501
LineaE:1121,LineaE,18,692,875.0717457155898
LineaE:1121,LineaE,19,254,342.49337157919217
LineaE:1121,LineaE,20,399,555.5263594164456
LineaE:1121,LineaE,21,1222,1744.6255446390428
LineaE:1121,LineaE,22,376,536.2973060694579
LineaE:1121,LineaE,23,4,5.953964194373402
LineaE:1122,LineaE,5,11,13.866780821917809
LineaE:1122,LineaE,6,46,57.584403669724765
LineaE:1122,LineaE,7,123,150.48505843071788
LineaE:1122,LineaE,8,130,156.91864688180968
LineaE:1122,LineaE,9,129,158.52130822596632
LineaE:1122,LineaE,10,89,111.46089683934787
LineaE:1122,LineaE,11,119,149.0402934152166
LineaE:1122,LineaE,12,164,205.05594386121246
LineaE:1122,LineaE,13,142,178.40140565962955
LineaE:1122,LineaE,14,101,126.16581057943587
LineaE:1122,LineaE,15,91,114.19815998091045
LineaE:1122,LineaE,16,142,178.6907772683655
LineaE:1122,LineaE,17,132,165.45130353495136
LineaE:1122,LineaE,18,165,208.65150006224326
LineaE:1122,LineaE,19,151,203.60826420652762
LineaE:1122,LineaE,20,153,213.02138594164458
LineaE:1122,LineaE,21,58,82.80546774882527
LineaE:1122,LineaE,22,35,49.921291788380394
LineaE:1122,LineaE,23,3,4.465473145780051
LineaE:1123,LineaE,5,11,13.866780821917809
LineaE:1123,LineaE,6,54,67.59908256880733
LineaE:1123,LineaE,7,189,231.23313856427384
LineaE:1123,LineaE,8,257,310.216094220193
LineaE:1123,LineaE,9,179,219.96367575541063
LineaE:1123,LineaE,10,119,149.03198566159998
LineaE:1123,LineaE,11,132,165.32200614124866
LineaE:1123,LineaE,12,153,191.30219152905795
LineaE:1123,LineaE,13,143,179.65775358681003
LineaE:1123,LineaE,14,141,176.132468234658
LineaE:1123,LineaE,15,153,192.00349974812417
LineaE:1123,LineaE,16,185,232.80136475103956
LineaE:1123,LineaE,17,187,234.38934667451443
LineaE:1123,LineaE,18,193,244.05902734553302
LineaE:1123,LineaE,19,80,107.87192805643848
LineaE:1123,LineaE,20,82,114.16832449160036
LineaE:1123,LineaE,21,61,87.08850918410934
LineaE:1123,LineaE,22,29,41.363356053229474
LineaE:1123,LineaE,23,5,7.442455242966752
LineaE:1124,LineaE,5,6,7.563698630136987
LineaE:1124,LineaE,6,52,65.0954128440367
LineaE:1124,LineaE,7,152,185.96527545909854
LineaE:1124,LineaE,8,174,210.02957351872988
LineaE:1124,LineaE,9,128,157.29246087537743
LineaE:1124,LineaE,10,87,108.95615758453107
LineaE:1124,LineaE,11,65,81.40856363016033
LineaE:1124,LineaE,12,82,102.52797193060623
LineaE:1124,LineaE,13,66,82.91896319391233
LineaE:1124,LineaE,14,59,73.70082004145264
LineaE:1124,LineaE,15,57,71.53071559243841
LineaE:1124,LineaE,16,86,108.22117496534813
LineaE:1124,LineaE,17,86,107.79403109095315
LineaE:1124,LineaE,18,75,94.8415909373833
LineaE:1124,LineaE,19,73,98.43313435150012
LineaE:1124,LineaE,20,40,55.69186560565871
LineaE:1124,LineaE,21,40,57.10721913712088
LineaE:1124,LineaE,22,20,28.526452450503083
LineaE:1124,LineaE,23,1,1.4884910485933505
LineaE:1126,LineaE,5,11,13.866780821917809
LineaE:1126,LineaE,6,69,86.37660550458715
LineaE:1126,LineaE,7,233,285.0651919866445
LineaE:1126,LineaE,8,348,420.05914703745975
LineaE:1126,LineaE,9,210,258.0579436236661
LineaE:1126,LineaE,10,129,161.555681935684
LineaE:1126,LineaE,11,108,135.26345957011256
LineaE:1126,LineaE,12,174,217.559355072262
LineaE:1126,LineaE,13,144,180.91410151399054
LineaE:1126,LineaE,14,92,114.9233126070109
LineaE:1126,LineaE,15,101,126.74740833046106
LineaE:1126,LineaE,16,166,208.8920353982301
LineaE:1126,LineaE,17,165,206.8141294186892
LineaE:1126,LineaE,18,116,146.68832731648615
LineaE:1126,LineaE,19,84,113.2655244592604
LineaE:1126,LineaE,20,54,75.18401856763926
LineaE:1126,LineaE,21,40,57.10721913712088
LineaE:1126,LineaE,22,15,21.39483933787731
LineaE:1126,LineaE,23,1,1.4884910485933505
LineaE:1127,LineaE,5,19,23.951712328767123
LineaE:1127,LineaE,6,81,101.398623853211
LineaE:1127,LineaE,7,290,354.80217028380645
LineaE:1127,LineaE,8,471,568.5283283179413
LineaE:1127,LineaE,9,304,373.5695945790214
LineaE:1127,LineaE,10,211,264.24999138317304
LineaE:1127,LineaE,11,153,191.6232343909928
LineaE:1127,LineaE,12,228,285.0777756119295
LineaE:1127,LineaE,13,246,309.0615900864005
LineaE:1127,LineaE,14,148,184.8766333243219
LineaE:1127,LineaE,15,156,195.76827425298936
LineaE:1127,LineaE,16,182,229.0262074848065
LineaE:1127,LineaE,17,238,298.313713949382
LineaE:1127,LineaE,18,207,261.7627909871779
LineaE:1127,LineaE,19,113,152.36909837971936
LineaE:1127,LineaE,20,79,109.99143457117596
LineaE:1127,LineaE,21,58,82.80546774882527
LineaE:1127,LineaE,22,37,52.773937033430705
LineaE:1127,LineaE,23,3,4.465473145780051
LineaE:1128,LineaE,5,8,10.084931506849315
LineaE:1128,LineaE,6,102,127.68715596330274
LineaE:1128,LineaE,7,507,620.2920701168616
LineaE:1128,LineaE,8,582,702.5127114247172
LineaE:1128,LineaE,9,398,489.0812455343767
LineaE:1128,LineaE,10,193,241.7073380898218
LineaE:1128,LineaE,11,165,206.65250767656084
LineaE:1128,LineaE,12,189,236.3144718888363
LineaE:1128,LineaE,13,236,296.4981108145956
LineaE:1128,LineaE,14,144,179.87996755879965
LineaE:1128,LineaE,15,153,192.00349974812417
LineaE:1128,LineaE,16,206,259.2274656146711
LineaE:1128,LineaE,17,213,266.97823979503517
LineaE:1128,LineaE,18,203,256.7045728038508
LineaE:1128,LineaE,19,113,152.36909837971936
LineaE:1128,LineaE,20,76,105.81454465075156
LineaE:1128,LineaE,21,37,52.82417770183681
LineaE:1128,LineaE,22,22,31.37909769555339
LineaE:1128,LineaE,23,2,2.976982097186701
LineaE:1129,LineaE,5,8,10.084931506849315
LineaE:1129,LineaE,6,116,145.21284403669725
LineaE:1129,LineaE,7,444,543.2143572621036
LineaE:1129,LineaE,8,575,694.063245823389
LineaE:1129,LineaE,9,380,466.96199322377674
LineaE:1129,LineaE,10,159,199.1267707579361
LineaE:1129,LineaE,11,135,169.0793244626407
LineaE:1129,LineaE,12,169,211.30764946673722
LineaE:1129,LineaE,13,187,234.9370623827516
LineaE:1129,LineaE,14,124,154.8966387311886
LineaE:1129,LineaE,15,157,197.02319908794442
LineaE:1129,LineaE,16,130,163.59014820343322
LineaE:1129,LineaE,17,170,213.08122424955857
LineaE:1129,LineaE,18,182,230.14892734138346
LineaE:1129,LineaE,19,103,138.88510737266455
LineaE:1129,LineaE,20,58,80.75320512820514
LineaE:1129,LineaE,21,56,79.95010679196923
LineaE:1129,LineaE,22,19,27.10012982797793
LineaE:1129,LineaE,23,2,2.976982097186701
LineaE:1130,LineaE,5,10,12.606164383561644
LineaE:1130,LineaE,6,128,160.2348623853211
LineaE:1130,LineaE,7,472,577.471118530885
LineaE:1130,LineaE,8,647,780.972034865622
LineaE:1130,LineaE,9,373,458.3600617696545
LineaE:1130,LineaE,10,144,180.34122634681003
LineaE:1130,LineaE,11,139,174.0890822244967
LineaE:1130,LineaE,12,148,185.0504859235332
LineaE:1130,LineaE,13,194,243.73149787301503
LineaE:1130,LineaE,14,143,178.6308011174191
LineaE:1130,LineaE,15,123,154.35575469947236
LineaE:1130,LineaE,16,138,173.6572342467214
LineaE:1130,LineaE,17,171,214.33464321573246
LineaE:1130,LineaE,18,162,204.85783642474792
LineaE:1130,LineaE,19,102,137.53670827195907
LineaE:1130,LineaE,20,91,126.69899425287358
LineaE:1130,LineaE,21,51,72.81170439982913
LineaE:1130,LineaE,22,19,27.10012982797793
LineaE:1131,LineaE,5,8,10.084931506849315
LineaE:1131,LineaE,6,54,67.59908256880733
LineaE:1131,LineaE,7,239,292.40592654424046
LineaE:1131,LineaE,8,266,321.0796928504721
LineaE:1131,LineaE,9,164,201.53096549657732
LineaE:1131,LineaE,10,76,95.18009168303864
LineaE:1131,LineaE,11,58,72.6414875469123
LineaE:1131,LineaE,12,72,90.02456071955669
LineaE:1131,LineaE,13,90,113.07131344624409
LineaE:1131,LineaE,14,65,81.19581868973596
LineaE:1131,LineaE,15,54,67.76594108757324
LineaE:1131,LineaE,16,58,72.98637381383944
LineaE:1131,LineaE,17,94,117.82138282034416
LineaE:1131,LineaE,18,89,112.54535457902819
LineaE:1131,LineaE,19,35,47.19396852469183
LineaE:1131,LineaE,20,18,25.06133952254642
LineaE:1131,LineaE,21,27,38.547372917556594
LineaE:1131,LineaE,22,7,9.98425835767608
LineaE:1132,LineaE,5,16,20.16986301369863
LineaE:1132,LineaE,6,95,118.9243119266055
LineaE:1132,LineaE,7,312,381.71819699499173
LineaE:1132,LineaE,8,303,365.7411538860641
LineaE:1132,LineaE,9,184,226.10791250835504
LineaE:1132,LineaE,10,113,141.51776789714955
LineaE:1132,LineaE,11,93,116.47686796315247
LineaE:1132,LineaE,12,93,116.28172426276072
LineaE:1132,LineaE,13,120,150.7617512616588
LineaE:1132,LineaE,14,55,68.70415427593042
LineaE:1132,LineaE,15,65,81.5701142720789
LineaE:1132,LineaE,16,78,98.15408892205993
LineaE:1132,LineaE,17,92,115.3145448879964
LineaE:1132,LineaE,18,55,69.55050002074775
LineaE:1132,LineaE,19,24,32.36157841693154
LineaE:1132,LineaE,20,14,19.49215296198055
LineaE:1132,LineaE,21,13,18.559846219564285
LineaE:1132,LineaE,22,7,9.98425835767608
LineaE:1133,LineaE,5,117,147.49212328767123
LineaE:1133,LineaE,6,583,729.8197247706422
LineaE:1133,LineaE,7,1237,1513.4147746243743
LineaE:1133,LineaE,8,1254,1513.6614091522258
LineaE:1133,LineaE,9,660,811.0392513886649
LineaE:1133,LineaE,10,366,458.3672836314755
LineaE:1133,LineaE,11,306,383.2464687819856
LineaE:1133,LineaE,12,372,465.1268970510429
LineaE:1133,LineaE,13,376,472.3868206198642
LineaE:1133,LineaE,14,203,253.5807876002523
LineaE:1133,LineaE,15,193,242.20049314632655
LineaE:1133,LineaE,16,226,284.3951807228916
LineaE:1133,LineaE,17,297,372.2654329536406
LineaE:1133,LineaE,18,191,241.52991825386945
LineaE:1133,LineaE,19,78,105.17512985502752
LineaE:1133,LineaE,20,53,73.79172192749779
LineaE:1133,LineaE,21,41,58.5348996155489
LineaE:1133,LineaE,22,18,25.673807205452775
LineaE:1164,LineaC,5,93,117.23732876712329
LineaE:1164,LineaC,6,425,532.0298165137615
LineaE:1164,LineaC,7,1180,1443.6777963272123
LineaE:1164,LineaC,8,1388,1675.4083220919372
LineaE:1164,LineaC,9,1010,1241.135824094775
LineaE:1164,LineaC,10,792,991.8767449074552
LineaE:1164,LineaC,11,629,787.7844080518593
LineaE:1164,LineaC,12,767,959.0116398874997
LineaE:1164,LineaC,13,1081,1358.1121092821095
LineaE:1164,LineaC,14,975,1217.9372803460394
LineaE:1164,LineaC,15,1078,1352.8089720815547
LineaE:1164,LineaC,16,1398,1759.2232860646125
LineaE:1164,LineaC,17,1775,2224.8186649586264
LineaE:1164,LineaC,18,1710,2162.388273372339
LineaE:1164,LineaC,19,820,1105.6872625784945
LineaE:1164,LineaC,20,448,623.7488947833776
LineaE:1164,LineaC,21,287,409.7442973088423
LineaE:1164,LineaC,22,135,192.55355404089582
LineaE:1164,LineaC,23,14,20.83887468030691
LineaE:1164,LineaE,5,6,7.563698630136987
LineaE:1164,LineaE,6,55,68.85091743119266
LineaE:1164,LineaE,7,153,187.18873121869788
LineaE:1164,LineaE,8,244,294.52422953201204
LineaE:1164,LineaE,9,199,244.54062276718835
LineaE:1164,LineaE,10,143,179.08885671940163
LineaE:1164,LineaE,11,103,129.00126236779252
LineaE:1164,LineaE,12,128,160.0436635014341
LineaE:1164,LineaE,13,163,204.78471213041985
LineaE:1164,LineaE,14,139,173.6341353518969
LineaE:1164,LineaE,15,200,250.984966991012
LineaE:1164,LineaE,16,322,405.20021324234995
LineaE:1164,LineaE,17,491,615.4287123913721
LineaE:1164,LineaE,18,392,495.7053819660567
LineaE:1164,LineaE,19,188,253.49903093263043
LineaE:1164,LineaE,20,81,112.77602785145889
LineaE:1164,LineaE,21,40,57.10721913712088
LineaE:1164,LineaE,22,16,22.821161960402467
LineaE:1164,LineaE,23,2,2.976982097186701
LineaE:1165,LineaE,5,4,5.042465753424658
LineaE:1165,LineaE,6,6,7.511009174311926
LineaE:1165,LineaE,7,25,30.586393989983314
LineaE:1165,LineaE,8,26,31.383729376361938
LineaE:1165,LineaE,9,37,45.46735197178879
LineaE:1165,LineaE,10,48,60.113742115603344
LineaE:1165,LineaE,11,51,63.87441146366426
LineaE:1165,LineaE,12,99,123.78377098939045
LineaE:1165,LineaE,13,135,169.60697016936612
LineaE:1165,LineaE,14,138,172.38496891051633
LineaE:1165,LineaE,15,183,229.65124479677596
LineaE:1165,LineaE,16,432,543.6226463375626
LineaE:1165,LineaE,17,772,967.6394418862307
LineaE:1165,LineaE,18,740,935.7703639155152
LineaE:1165,LineaE,19,178,240.01503992557562
LineaE:1165,LineaE,20,97,135.05277409372238
LineaE:1165,LineaE,21,50,71.3840239214011
LineaE:1165,LineaE,22,26,37.08438818565401
LineaE:1165,LineaE,23,4,5.953964194373402
LineaE:1166,LineaB,5,78,98.32808219178082
LineaE:1166,LineaB,6,314,393.0761467889908
LineaE:1166,LineaB,7,682,834.3968280467448
LineaE:1166,LineaB,8,682,823.2193628722631
LineaE:1166,LineaB,9,546,670.9506534215318
LineaE:1166,LineaB,10,396,495.9383724537276
LineaE:1166,LineaB,11,385,482.18918457864197
LineaE:1166,LineaB,12,444,555.1514577705996
LineaE:1166,LineaB,13,565,709.8365788569768
LineaE:1166,LineaB,14,536,669.5532125799765
LineaE:1166,LineaB,15,756,948.7231752260253
LineaE:1166,LineaB,16,1103,1387.9994882183603
LineaE:1166,LineaB,17,1937,2427.8725374787937
LineaE:1166,LineaB,18,1557,1968.9114278600773
LineaE:1166,LineaB,19,569,767.2390883014186
LineaE:1166,LineaB,20,288,400.9814323607427
LineaE:1166,LineaB,21,212,302.6682614267406
LineaE:1166,LineaB,22,99,141.20593962999027
LineaE:1166,LineaB,23,15,22.327365728900258
LineaE:1166,LineaE,5,12,15.127397260273973
LineaE:1166,LineaE,6,53,66.34724770642201
LineaE:1166,LineaE,7,123,150.48505843071788
LineaE:1166,LineaE,8,119,143.64091522257962
LineaE:1166,LineaE,9,101,124.1135824094775
LineaE:1166,LineaE,10,91,113.96563609416468
LineaE:1166,LineaE,11,132,165.32200614124866
LineaE:1166,LineaE,12,178,222.56071955668182
LineaE:1166,LineaE,13,218,273.8838481253468
LineaE:1166,LineaE,14,251,313.54077678651885
LineaE:1166,LineaE,15,349,437.96876739931594
LineaE:1166,LineaE,16,518,651.8438213029108
LineaE:1166,LineaE,17,927,1161.9193816431812
LineaE:1166,LineaE,18,802,1014.1727457570854
LineaE:1166,LineaE,19,312,420.7005194201101
LineaE:1166,LineaE,20,182,253.39798850574715
LineaE:1166,LineaE,21,159,227.0011960700555
LineaE:1166,LineaE,22,72,102.6952288218111
LineaE:1166,LineaE,23,9,13.396419437340153
LineaH:1134,LineaH,5,58,73.11575342465754
LineaH:1134,LineaH,6,646,808.6853211009173
LineaH:1134,LineaH,7,1849,2262.1696994991657
LineaH:1134,LineaH,8,1933,2333.2595724810626
LineaH:1134,LineaH,9,1124,1381.224422061908
LineaH:1134,LineaH,10,543,680.0367076827629
LineaH:1134,LineaH,11,458,573.6172637325144
LineaH:1134,LineaH,12,502,627.6712427946869
LineaH:1134,LineaH,13,541,679.684228604645
LineaH:1134,LineaH,14,319,398.48409480039646
LineaH:1134,LineaH,15,284,356.398653127237
LineaH:1134,LineaH,16,410,515.9381597185202
LineaH:1134,LineaH,17,406,508.8881002665928
LineaH:1134,LineaH,18,296,374.30814556620606
LineaH:1134,LineaH,19,150,202.25986510582214
LineaH:1134,LineaH,20,97,135.05277409372238
LineaH:1134,LineaH,21,53,75.66706535668516
LineaH:1134,LineaH,22,25,35.65806556312886
LineaH:1134,LineaH,23,3,4.465473145780051
LineaH:1135,LineaH,5,62,78.15821917808219
LineaH:1135,LineaH,6,354,443.14954128440365
LineaH:1135,LineaH,7,943,1153.7187813021706
LineaH:1135,LineaH,8,938,1132.2283905779807
LineaH:1135,LineaH,9,557,684.4679742780096
LineaH:1135,LineaH,10,377,472.14334953296793
LineaH:1135,LineaH,11,317,397.0233026270896
LineaH:1135,LineaH,12,377,471.37860265656764
LineaH:1135,LineaH,13,426,535.2042169788887
LineaH:1135,LineaH,14,281,351.01577002793545
LineaH:1135,LineaH,15,383,480.63621178778794
LineaH:1135,LineaH,16,478,601.5083910864698
LineaH:1135,LineaH,17,746,935.05054876571
LineaH:1135,LineaH,18,634,801.7275820573468
LineaH:1135,LineaH,19,269,362.7193580897744
LineaH:1135,LineaH,20,192,267.3209549071618
LineaH:1135,LineaH,21,87,124.20820162323791
LineaH:1135,LineaH,22,69,98.41626095423564
LineaH:1135,LineaH,23,13,19.350383631713555
LineaH:1136,LineaH,5,24,30.254794520547946
LineaH:1136,LineaH,6,88,110.16146788990825
LineaH:1136,LineaH,7,377,461.24282136894834
LineaH:1136,LineaH,8,381,459.8923420151499
LineaH:1136,LineaH,9,263,323.1868532048771
LineaH:1136,LineaH,10,211,264.24999138317304
LineaH:1136,LineaH,11,196,245.478130330945
LineaH:1136,LineaH,12,355,443.8710979922587
LineaH:1136,LineaH,13,282,354.2901154648981
LineaH:1136,LineaH,14,286,357.2616022348382
LineaH:1136,LineaH,15,273,342.59447994273137
LineaH:1136,LineaH,16,270,339.76415396097667
LineaH:1136,LineaH,17,446,559.0248589135477
LineaH:1136,LineaH,18,363,459.03330013693517
LineaH:1136,LineaH,19,172,231.92464532134272
LineaH:1136,LineaH,20,103,143.40655393457118
LineaH:1136,LineaH,21,56,79.95010679196923
LineaH:1136,LineaH,22,48,68.4634858812074
LineaH:1136,LineaH,23,8,11.907928388746804
LineaH:1137,LineaH,5,35,44.12157534246575
LineaH:1137,LineaH,6,113,141.45733944954128
LineaH:1137,LineaH,7,390,477.1477462437397
LineaH:1137,LineaH,8,409,493.69020442046275
LineaH:1137,LineaH,9,281,345.306105515477
LineaH:1137,LineaH,10,162,202.8838796401613
LineaH:1137,LineaH,11,144,180.35127942681675
LineaH:1137,LineaH,12,208,260.07095318983045
LineaH:1137,LineaH,13,206,258.8076729991809
LineaH:1137,LineaH,14,176,219.85329368297738
LineaH:1137,LineaH,15,213,267.29898984542774
LineaH:1137,LineaH,16,321,403.9418274869389
LineaH:1137,LineaH,17,272,340.92995879929373
LineaH:1137,LineaH,18,193,244.05902734553302
LineaH:1137,LineaH,19,119,160.45949298395223
LineaH:1137,LineaH,20,76,105.81454465075156
LineaH:1137,LineaH,21,51,72.81170439982913
LineaH:1137,LineaH,22,15,21.39483933787731
LineaH:1137,LineaH,23,7,10.419437340153454
LineaH:1138,LineaE,5,10,12.606164383561644
LineaH:1138,LineaE,6,58,72.60642201834862
LineaH:1138,LineaE,7,139,170.06035058430723
LineaH:1138,LineaE,8,152,183.4741102002698
LineaH:1138,LineaE,9,118,145.00398736948856
LineaH:1138,LineaE,10,87,108.95615758453107
LineaH:1138,LineaE,11,70,87.67076083248035
LineaH:1138,LineaE,12,116,145.03957004817465
LineaH:1138,LineaE,13,115,144.48001162575633
LineaH:1138,LineaE,14,86,107.42831395872757
LineaH:1138,LineaE,15,108,135.53188217514648
LineaH:1138,LineaE,16,117,147.23113338308988
LineaH:1138,LineaE,17,159,199.29361562164596
LineaH:1138,LineaE,18,129,163.12753641229926
LineaH:1138,LineaE,19,82,110.56872625784943
LineaH:1138,LineaE,20,53,73.79172192749779
LineaH:1138,LineaE,21,34,48.54113626655275
LineaH:1138,LineaE,22,32,45.642323920804934
LineaH:1138,LineaE,23,6,8.930946291560103
LineaH:1138,LineaH,5,14,17.648630136986302
LineaH:1138,LineaH,6,115,143.96100917431193
LineaH:1138,LineaH,7,385,471.030467445743
LineaH:1138,LineaH,8,380,458.68527550067444
LineaH:1138,LineaH,9,296,363.7388157743103
LineaH:1138,LineaH,10,218,273.01657877503186
LineaH:1138,LineaH,11,181,226.69153872398493
LineaH:1138,LineaH,12,290,362.59892512043666
LineaH:1138,LineaH,13,246,309.0615900864005
LineaH:1138,LineaH,14,194,242.33828962782732
LineaH:1138,LineaH,15,199,249.73004215605692
LineaH:1138,LineaH,16,282,354.864783025909
LineaH:1138,LineaH,17,319,399.84065020946576
LineaH:1138,LineaH,18,215,271.8792273538321
LineaH:1138,LineaH,19,128,172.59508489030156
LineaH:1138,LineaH,20,93,129.4835875331565
LineaH:1138,LineaH,21,71,101.36531396838956
LineaH:1138,LineaH,22,35,49.921291788380394
LineaH:1138,LineaH,23,14,20.83887468030691
LineaH:1139,LineaH,5,14,17.648630136986302
LineaH:1139,LineaH,6,95,118.9243119266055
LineaH:1139,LineaH,7,321,392.72929883138573
LineaH:1139,LineaH,8,385,464.7206080730518
LineaH:1139,LineaH,9,272,334.24647936017703
LineaH:1139,LineaH,10,214,268.00710026539826
LineaH:1139,LineaH,11,204,255.49764585465704
LineaH:1139,LineaH,12,266,332.59073821391775
LineaH:1139,LineaH,13,186,233.68071445557112
LineaH:1139,LineaH,14,154,192.3716319726052
LineaH:1139,LineaH,15,179,224.63154545695573
LineaH:1139,LineaH,16,201,252.93553683761596
LineaH:1139,LineaH,17,228,285.77952428764326
LineaH:1139,LineaH,18,168,212.44516369973857
LineaH:1139,LineaH,19,189,254.8474300333359
LineaH:1139,LineaH,20,119,165.68330017683468
LineaH:1139,LineaH,21,57,81.37778727039725
LineaH:1139,LineaH,22,33,47.06864654333009
LineaH:1139,LineaH,23,1,1.4884910485933505
LineaH:1140,LineaA,5,42,52.94589041095891
LineaH:1140,LineaA,6,289,361.78027522935776
LineaH:1140,LineaA,7,613,749.9783806343909
LineaH:1140,LineaA,8,1041,1256.5562415689528
LineaH:1140,LineaA,9,833,1023.6298430405421
LineaH:1140,LineaA,10,454,568.575810843415
LineaH:1140,LineaA,11,470,588.6465370180824
LineaH:1140,LineaA,12,508,635.1732895213166
LineaH:1140,LineaA,13,568,713.6056226385182
LineaH:1140,LineaA,14,481,600.8490583040461
LineaH:1140,LineaA,15,419,525.8135058461701
LineaH:1140,LineaA,16,423,532.2971745388635
LineaH:1140,LineaA,17,450,564.0385347782433
LineaH:1140,LineaA,18,426,538.7002365243371
LineaH:1140,LineaA,19,207,279.1186138460346
LineaH:1140,LineaA,20,108,150.3680371352785
LineaH:1140,LineaA,21,73,104.2206749252456
LineaH:1140,LineaA,22,34,48.494969165855245
LineaH:1140,LineaA,23,6,8.930946291560103
LineaH:1140,LineaH,5,37,46.642808219178086
LineaH:1140,LineaH,6,268,335.49174311926606
LineaH:1140,LineaH,7,578,707.1574290484142
LineaH:1140,LineaH,8,896,1081.5315969700114
LineaH:1140,LineaH,9,673,827.0142669463204
LineaH:1140,LineaH,10,434,543.528418295247
LineaH:1140,LineaH,11,451,564.8501876492663
LineaH:1140,LineaH,12,490,612.6671493414275
LineaH:1140,LineaH,13,562,706.0675350754353
LineaH:1140,LineaH,14,435,543.3874020005406
LineaH:1140,LineaH,15,489,613.6582442930243
LineaH:1140,LineaH,16,453,570.0487472011941
LineaH:1140,LineaH,17,542,679.3530796662396
LineaH:1140,LineaH,18,517,653.7747001950289
LineaH:1140,LineaH,19,235,316.873788665788
LineaH:1140,LineaH,20,133,185.17545313881521
LineaH:1140,LineaH,21,72,102.79299444681757
LineaH:1140,LineaH,22,44,62.75819539110678
LineaH:1140,LineaH,23,10,14.884910485933505
LineaH:1141,LineaB,5,26,32.77602739726028
LineaH:1141,LineaB,6,102,127.68715596330274
LineaH:1141,LineaB,7,290,354.80217028380645
LineaH:1141,LineaB,8,375,452.64994292829715
LineaH:1141,LineaB,9,369,453.444672367299
LineaH:1141,LineaB,10,350,438.3293695929411
LineaH:1141,LineaB,11,462,578.6270214943704
LineaH:1141,LineaB,12,467,583.9093035560135
LineaH:1141,LineaB,13,459,576.6636985758448
LineaH:1141,LineaB,14,441,550.8824006488239
LineaH:1141,LineaB,15,497,623.6976429726648
LineaH:1141,LineaB,16,561,705.9544087855849
LineaH:1141,LineaB,17,540,676.8462417338919
LineaH:1141,LineaB,18,499,631.0127183700569
LineaH:1141,LineaB,19,214,288.5574075509729
LineaH:1141,LineaB,20,107,148.97574049513705
LineaH:1141,LineaB,21,54,77.09474583511319
LineaH:1141,LineaB,22,21,29.95277507302824
LineaH:1141,LineaB,23,6,8.930946291560103
LineaH:1141,LineaH,5,2,2.521232876712329
LineaH:1141,LineaH,6,22,27.540366972477063
LineaH:1141,LineaH,7,135,165.1665275459099
LineaH:1141,LineaH,8,165,199.16597488845076
LineaH:1141,LineaH,9,110,135.17320856477747
LineaH:1141,LineaH,10,132,165.31279081790922
LineaH:1141,LineaH,11,169,211.66226543841685
LineaH:1141,LineaH,12,224,280.0764111275097
LineaH:1141,LineaH,13,296,371.87898644542497
LineaH:1141,LineaH,14,209,261.0757862485356
LineaH:1141,LineaH,15,263,330.04523159318074
LineaH:1141,LineaH,16,341,429.10954259515944
LineaH:1141,LineaH,17,340,426.16244849911715
LineaH:1141,LineaH,18,337,426.15488194530894
LineaH:1141,LineaH,19,158,213.047057911466
LineaH:1141,LineaH,20,105,146.1911472148541
LineaH:1141,LineaH,21,42,59.96258009397692
LineaH:1141,LineaH,22,36,51.34761441090555
LineaH:1141,LineaH,23,2,2.976982097186701
LineaH:1160,LineaH,5,10,12.606164383561644
LineaH:1160,LineaH,6,61,76.36192660550458
LineaH:1160,LineaH,7,186,227.56277128547583
LineaH:1160,LineaH,8,251,302.97369513334024
LineaH:1160,LineaH,9,200,245.76947011777725
LineaH:1160,LineaH,10,191,239.20259883500498
LineaH:1160,LineaH,11,279,349.4306038894574
LineaH:1160,LineaH,12,432,540.1473643173401
LineaH:1160,LineaH,13,394,495.00108330911297
LineaH:1160,LineaH,14,364,454.6965846625214
LineaH:1160,LineaH,15,450,564.716175729777
LineaH:1160,LineaH,16,600,755.0314532466148
LineaH:1160,LineaH,17,600,752.0513797043244
LineaH:1160,LineaH,18,588,743.558072949085
LineaH:1160,LineaH,19,376,506.99806186526087
LineaH:1160,LineaH,20,279,388.4507625994695
LineaH:1160,LineaH,21,177,252.69944468175987
LineaH:1160,LineaH,22,90,128.3690360272639
LineaH:1160,LineaH,23,10,14.884910485933505
LineaH:1161,LineaD,5,4,5.042465753424658
LineaH:1161,LineaD,6,49,61.33990825688073
LineaH:1161,LineaD,7,236,288.7355592654425
LineaH:1161,LineaD,8,307,370.56941994396595
LineaH:1161,LineaD,9,324,398.14654159079913
LineaH:1161,LineaD,10,254,318.1018853617344
LineaH:1161,LineaD,11,269,336.9062094848174
LineaH:1161,LineaD,12,331,413.86291108573977
LineaH:1161,LineaD,13,308,386.95516157159085
LineaH:1161,LineaD,14,311,388.49076326935204
LineaH:1161,LineaD,15,337,422.9096693798552
LineaH:1161,LineaD,16,338,425.3343853289264
LineaH:1161,LineaD,17,416,521.4222899283316
LineaH:1161,LineaD,18,349,441.32953649529026
LineaH:1161,LineaD,19,253,341.1449724784867
LineaH:1161,LineaD,20,169,235.29813218390805
LineaH:1161,LineaD,21,74,105.64835540367362
LineaH:1161,LineaD,22,34,48.494969165855245
LineaH:1161,LineaD,23,3,4.465473145780051
LineaH:1161,LineaH,5,12,15.127397260273973
LineaH:1161,LineaH,6,50,62.591743119266056
LineaH:1161,LineaH,7,258,315.6515859766278
LineaH:1161,LineaH,8,346,417.64501400850884
LineaH:1161,LineaH,9,308,378.48498398137696
LineaH:1161,LineaH,10,286,358.17771343880327
LineaH:1161,LineaH,11,355,444.6160013647218
LineaH:1161,LineaH,12,444,555.1514577705996
LineaH:1161,LineaH,13,477,599.2779612650936
LineaH:1161,LineaH,14,524,654.5632152834099
LineaH:1161,LineaH,15,657,824.4856165654744
LineaH:1161,LineaH,16,761,957.6315598677897
LineaH:1161,LineaH,17,828,1037.8309039919677
LineaH:1161,LineaH,18,727,919.3311548197021
LineaH:1161,LineaH,19,496,668.8059539499186
LineaH:1161,LineaH,20,396,551.3494694960212
LineaH:1161,LineaH,21,205,292.6744980777445
LineaH:1161,LineaH,22,79,112.67948717948718
LineaH:1161,LineaH,23,13,19.350383631713555
LineaH:1162,LineaH,5,4,5.042465753424658
LineaH:1162,LineaH,6,57,71.3545871559633
LineaH:1162,LineaH,7,239,292.40592654424046
LineaH:1162,LineaH,8,285,344.01395662550584
LineaH:1162,LineaH,9,275,337.9330214119437
LineaH:1162,LineaH,10,253,316.84951573432596
LineaH:1162,LineaH,11,283,354.4403616513134
LineaH:1162,LineaH,12,371,463.8765559299379
LineaH:1162,LineaH,13,370,464.8487330567812
LineaH:1162,LineaH,14,364,454.6965846625214
LineaH:1162,LineaH,15,633,794.3674205265529
LineaH:1162,LineaH,16,822,1034.3930909478622
LineaH:1162,LineaH,17,950,1190.7480178651801
LineaH:1162,LineaH,18,720,910.4792729988797
LineaH:1162,LineaH,19,533,718.6967206760213
LineaH:1162,LineaH,20,390,542.9956896551724
LineaH:1162,LineaH,21,136,194.164545066211
LineaH:1162,LineaH,22,98,139.7796170074651
LineaH:1162,LineaH,23,12,17.861892583120206
LineaH:1163,LineaH,6,1,1.251834862385321
LineaH:1163,LineaH,7,13,15.904924874791323
LineaH:1163,LineaH,8,2,2.414133028950918
LineaH:1163,LineaH,9,43,52.8404360753221
LineaH:1163,LineaH,10,51,63.870850997828555
LineaH:1163,LineaH,11,82,102.70003411804842
LineaH:1163,LineaH,12,73,91.27490184066164
LineaH:1163,LineaH,13,96,120.60940100932703
LineaH:1163,LineaH,14,58,72.45165360007209
LineaH:1163,LineaH,15,70,87.8447384468542
LineaH:1163,LineaH,16,174,218.9591214415183
LineaH:1163,LineaH,17,252,315.86157947581626
LineaH:1163,LineaH,18,262,331.31329100792567
LineaH:1163,LineaH,19,179,241.3634390262811
LineaH:1163,LineaH,20,201,279.851624668435
LineaH:1163,LineaH,21,53,75.66706535668516
LineaH:1163,LineaH,22,23,32.805420318078546
LineaH:1163,LineaH,23,4,5.953964194373402
