linea,periodo,sentido_hacia,orden_llegada,nodo,estacion_sbase,suben,bajan,carga_saliente
LineaA,HPM,PMayo,1,LineaA:1076,PMayo,0.0,2071.475792243648,0.0
LineaA,HPM,PMayo,2,LineaA:1075,Peru,51.0,3084.266949889611,2071.4757922436484
LineaA,HPM,PMayo,3,LineaA:1074,Piedras,20.0,1119.7453846163046,5104.7427421332595
LineaA,HPM,PMayo,4,LineaA:1073,Lima,340.2969251284064,2291.5753480135027,6204.488126749564
LineaA,HPM,PMayo,5,LineaA:1072,SnzPena,96.0,926.4349314615664,8155.76654963466
LineaA,HPM,PMayo,6,LineaA:1071,Congreso,130.0,1276.0631163718572,8986.201481096226
LineaA,HPM,PMayo,7,LineaA:1070,Pasco,169.0,517.868948060912,10132.264597468084
LineaA,HPM,PMayo,8,LineaA:1069,Alberti,0.0,0.0,10481.133545528995
LineaA,HPM,PMayo,9,LineaA:1068,Miserere,1534.0,1516.3883366218904,10481.133545528995
LineaA,HPM,PMayo,10,LineaA:1067,Loria,411.9376218098212,176.80877674747094,10463.521882150886
LineaA,HPM,PMayo,11,LineaA:1066,CBarros,539.3549109409175,224.21775567421443,10228.393037088537
LineaA,HPM,PMayo,12,LineaA:1065,RJaneiro,874.9290374801602,187.57956311755515,9913.255881821833
LineaA,HPM,PMayo,13,LineaA:1064,Acoyte,1050.0,255.21262327437142,9225.906407459228
LineaA,HPM,PMayo,14,LineaA:1063,PJunta,1559.323263892025,62.78749642906983,8431.1190307336
LineaA,HPM,PMayo,15,LineaA:1062,Puan,749.0,37.218507560845836,6934.583263270644
LineaA,HPM,PMayo,16,LineaA:1061,Carabobo,1229.0,35.091735700226074,6222.80177083149
LineaA,HPM,PMayo,17,LineaA:1060,Flores,1488.690623260766,2.797116729050002,5028.893506531716
LineaA,HPM,PMayo,18,LineaA:1059,SanPedrito,3543.0,0.0,3543.0
LineaA,HPM,SanPedrito,1,LineaA:1076,PMayo,605.0,0.0,605.0
LineaA,HPM,SanPedrito,2,LineaA:1075,Peru,372.0,103.82340825848014,873.1765917415198
LineaA,HPM,SanPedrito,3,LineaA:1074,Piedras,104.0,31.820562500477713,945.356029241042
LineaA,HPM,SanPedrito,4,LineaA:1073,Lima,1918.653336951229,52.81365261936791,2811.195713572903
LineaA,HPM,SanPedrito,5,LineaA:1072,SnzPena,134.0,212.08087812224448,2733.1148354506586
LineaA,HPM,SanPedrito,6,LineaA:1071,Congreso,297.0,230.9263678606097,2799.1884675900487
LineaA,HPM,SanPedrito,7,LineaA:1070,Pasco,0.0,0.0,2799.1884675900487
LineaA,HPM,SanPedrito,8,LineaA:1069,Alberti,221.9499659568387,429.17355382163765,2591.96487972525
LineaA,HPM,SanPedrito,9,LineaA:1068,Miserere,738.0,420.9405839348909,2909.024295790359
LineaA,HPM,SanPedrito,10,LineaA:1067,Loria,105.9958732147105,229.41711934399413,2785.603049661075
LineaA,HPM,SanPedrito,11,LineaA:1066,CBarros,105.746393307412,215.46777955525175,2675.8816634132354
LineaA,HPM,SanPedrito,12,LineaA:1065,RJaneiro,89.42145828866646,254.49354977670274,2510.809571925199
LineaA,HPM,SanPedrito,13,LineaA:1064,Acoyte,93.0,404.5757232203596,2199.2338487048396
LineaA,HPM,SanPedrito,14,LineaA:1063,PJunta,52.14375394739494,277.2510189962957,1974.126583655939
LineaA,HPM,SanPedrito,15,LineaA:1062,Puan,30.0,196.37832857437675,1807.748255081562
LineaA,HPM,SanPedrito,16,LineaA:1061,Carabobo,148.0,277.29347321844864,1678.4547818631136
LineaA,HPM,SanPedrito,17,LineaA:1060,Flores,6.696220095066278,372.8787737910839,1312.272228167096
LineaA,HPM,SanPedrito,18,LineaA:1059,SanPedrito,0.0,1312.2722281670963,0.0
LineaA,HPT,PMayo,1,LineaA:1076,PMayo,0.0,581.1563933848523,-1.3642420526593924e-12
LineaA,HPT,PMayo,2,LineaA:1075,Peru,267.0,719.6485794931535,581.156393384851
LineaA,HPT,PMayo,3,LineaA:1074,Piedras,56.0,213.09067757444586,1033.8049728780045
LineaA,HPT,PMayo,4,LineaA:1073,Lima,226.522916927195,2499.3762732274126,1190.8956504524504
LineaA,HPT,PMayo,5,LineaA:1072,SnzPena,194.0,355.66030426204617,3463.749006752668
LineaA,HPT,PMayo,6,LineaA:1071,Congreso,200.0,655.2253454829217,3625.409311014714
LineaA,HPT,PMayo,7,LineaA:1070,Pasco,337.0,438.716100888565,4080.6346564976357
LineaA,HPT,PMayo,8,LineaA:1069,Alberti,0.0,0.0,4182.350757386201
LineaA,HPT,PMayo,9,LineaA:1068,Miserere,924.0,1521.2623238603487,4182.350757386201
LineaA,HPT,PMayo,10,LineaA:1067,Loria,326.2482168006993,169.22039428177905,4779.61308124655
LineaA,HPT,PMayo,11,LineaA:1066,CBarros,358.4473195808103,246.93928306125076,4622.5852587276295
LineaA,HPT,PMayo,12,LineaA:1065,RJaneiro,425.9790351977487,217.44098100163015,4511.0772222080695
LineaA,HPT,PMayo,13,LineaA:1064,Acoyte,609.0,301.9734200921292,4302.539168011951
LineaA,HPT,PMayo,14,LineaA:1063,PJunta,598.564715399367,121.77173735500546,3995.512588104081
LineaA,HPT,PMayo,15,LineaA:1062,Puan,381.0,141.30077015631704,3518.719610059719
LineaA,HPT,PMayo,16,LineaA:1061,Carabobo,596.0,96.8593988974754,3279.020380216036
LineaA,HPT,PMayo,17,LineaA:1060,Flores,715.3562302992573,6.476451185746149,2779.879779113511
LineaA,HPT,PMayo,18,LineaA:1059,SanPedrito,2071.0,0.0,2071.0
LineaA,HPT,SanPedrito,1,LineaA:1076,PMayo,2633.0,0.0,2633.0
LineaA,HPT,SanPedrito,2,LineaA:1075,Peru,2157.0,188.32994738375078,4601.670052616249
LineaA,HPT,SanPedrito,3,LineaA:1074,Piedras,671.0,17.769164808656733,5254.900887807593
LineaA,HPT,SanPedrito,4,LineaA:1073,Lima,1779.860602822054,167.90326062869914,6866.8582300009475
LineaA,HPT,SanPedrito,5,LineaA:1072,SnzPena,664.0,130.86574483278534,7399.992485168163
LineaA,HPT,SanPedrito,6,LineaA:1071,Congreso,974.0,293.6588289430639,8080.333656225099
LineaA,HPT,SanPedrito,7,LineaA:1070,Pasco,0.0,0.0,8080.333656225099
LineaA,HPT,SanPedrito,8,LineaA:1069,Alberti,542.3585784500515,332.32659958911063,8290.36563508604
LineaA,HPT,SanPedrito,9,LineaA:1068,Miserere,1521.0,1067.0851077198595,8744.28052736618
LineaA,HPT,SanPedrito,10,LineaA:1067,Loria,182.4929570490345,457.64535212992865,8469.128132285286
LineaA,HPT,SanPedrito,11,LineaA:1066,CBarros,280.2674655344136,587.5870747803044,8161.808523039396
LineaA,HPT,SanPedrito,12,LineaA:1065,RJaneiro,228.8974023540752,841.1537722023107,7549.552153191161
LineaA,HPT,SanPedrito,13,LineaA:1064,Acoyte,235.0,1331.7521414487992,6452.800011742362
LineaA,HPT,SanPedrito,14,LineaA:1063,PJunta,146.615432302345,1312.9363653605578,5286.479078684149
LineaA,HPT,SanPedrito,15,LineaA:1062,Puan,48.0,531.2045058587908,4803.274572825358
LineaA,HPT,SanPedrito,16,LineaA:1061,Carabobo,95.0,965.1462148701972,3933.1283579551605
LineaA,HPT,SanPedrito,17,LineaA:1060,Flores,11.85062150420067,1328.199859421618,2616.7791200377433
LineaA,HPT,SanPedrito,18,LineaA:1059,SanPedrito,0.0,2616.779120037744,0.0
LineaB,HPM,Alem,1,LineaB:1093,Alem,0.0,4028.439267889576,0.0
LineaB,HPM,Alem,2,LineaB:1092,Florida,2.980151784863845,1837.9134688072168,4028.439267889575
LineaB,HPM,Alem,3,LineaB:1091,Pellegrini,524.3668307346948,2284.1848266700063,5863.372584911928
LineaB,HPM,Alem,4,LineaB:1090,Uruguay,64.92324622071149,1292.1285977302318,7623.19058084724
LineaB,HPM,Alem,5,LineaB:1089,CallaoB,134.0,1243.3072401939007,8850.395932356761
LineaB,HPM,Alem,6,LineaB:1088,Pasteur,87.0,690.8091946870513,9959.703172550662
LineaB,HPM,Alem,7,LineaB:1087,Pueyr,912.0,2125.3625091930135,10563.512367237714
LineaB,HPM,Alem,8,LineaB:1086,Gardel,326.0,206.33153932503092,11776.874876430727
LineaB,HPM,Alem,9,LineaB:1085,Medrano,643.0,336.5876744822944,11657.206415755758
LineaB,HPM,Alem,10,LineaB:1083,Gallardo,933.0,276.54907888590526,11350.794090238052
LineaB,HPM,Alem,11,LineaB:1084,Malabia,1208.0,293.8333963162744,10694.343169123958
LineaB,HPM,Alem,12,LineaB:1082,Dorrego,914.073097114186,79.61488757212537,9780.176565440233
LineaB,HPM,Alem,13,LineaB:1081,Lacroze,3072.276099913745,50.10335988487669,8945.718355898172
LineaB,HPM,Alem,14,LineaB:1080,Tronador,408.2190266323871,43.052688348566654,5923.545615869305
LineaB,HPM,Alem,15,LineaB:1079,LosIncas,1031.903057903999,21.32321127853253,5558.3792775854845
LineaB,HPM,Alem,16,LineaB:1078,Echeverria,864.4747834058946,1.444570663809407,4547.799430960018
LineaB,HPM,Alem,17,LineaB:1077,JMRosas,3684.769218217933,0.0,3684.769218217933
LineaB,HPM,JMRosas,1,LineaB:1093,Alem,1681.727674122787,0.0,1681.727674122787
LineaB,HPM,JMRosas,2,LineaB:1092,Florida,116.0198482151361,102.36563352296406,1695.381888814959
LineaB,HPM,JMRosas,3,LineaB:1091,Pellegrini,2174.633169265305,95.54050895569935,3774.4745491245644
LineaB,HPM,JMRosas,4,LineaB:1090,Uruguay,237.1006821381415,262.49675321951526,3749.078478043191
LineaB,HPM,JMRosas,5,LineaB:1089,CallaoB,361.0,278.09343840374504,3831.9850396394463
LineaB,HPM,JMRosas,6,LineaB:1088,Pasteur,204.0,229.02540160635039,3806.959638033096
LineaB,HPM,JMRosas,7,LineaB:1087,Pueyr,1336.08507001353,283.669256561669,4859.375451484957
LineaB,HPM,JMRosas,8,LineaB:1086,Gardel,125.0,270.6629258653279,4713.712525619629
LineaB,HPM,JMRosas,9,LineaB:1085,Medrano,246.0,581.4799830024581,4378.23254261717
LineaB,HPM,JMRosas,10,LineaB:1083,Gallardo,183.0,376.24066290499485,4184.991879712175
LineaB,HPM,JMRosas,11,LineaB:1084,Malabia,146.0,694.8934692428986,3636.098410469277
LineaB,HPM,JMRosas,12,LineaB:1082,Dorrego,33.459044287899,697.596891616255,2971.960563140921
LineaB,HPM,JMRosas,13,LineaB:1081,Lacroze,38.20541666349302,814.7912698431552,2195.3747099612588
LineaB,HPM,JMRosas,14,LineaB:1080,Tronador,7.780973367612985,561.6220747828783,1641.5336085459935
LineaB,HPM,JMRosas,15,LineaB:1079,LosIncas,14.09694209600133,458.07417574939797,1197.556374892597
LineaB,HPM,JMRosas,16,LineaB:1078,Echeverria,1.525216594105375,327.92710861719326,871.1544828695091
LineaB,HPM,JMRosas,17,LineaB:1077,JMRosas,0.0,871.1544828695095,0.0
LineaB,HPT,Alem,1,LineaB:1093,Alem,0.0,1742.7788053707318,-5.4569682106375694e-12
LineaB,HPT,Alem,2,LineaB:1092,Florida,50.62384364884062,625.1576889276286,1742.7788053707263
LineaB,HPT,Alem,3,LineaB:1091,Pellegrini,160.1224997450861,3212.114199840567,2317.312650649514
LineaB,HPT,Alem,4,LineaB:1090,Uruguay,177.9558660798258,484.5905331898872,5369.304350744995
LineaB,HPT,Alem,5,LineaB:1089,CallaoB,272.0,782.2250750988812,5675.939017855057
LineaB,HPT,Alem,6,LineaB:1088,Pasteur,284.0,399.64793695584177,6186.164092953938
LineaB,HPT,Alem,7,LineaB:1087,Pueyr,672.0,2014.4825435660375,6301.81202990978
LineaB,HPT,Alem,8,LineaB:1086,Gardel,720.0,391.51345172379257,7644.294573475819
LineaB,HPT,Alem,9,LineaB:1085,Medrano,861.0,350.24359974043017,7315.808025199612
LineaB,HPT,Alem,10,LineaB:1083,Gallardo,772.0,258.3299901403323,6805.051624940042
LineaB,HPT,Alem,11,LineaB:1084,Malabia,1060.0,305.40345501034847,6291.381615080374
LineaB,HPT,Alem,12,LineaB:1082,Dorrego,931.6245483736385,69.28097121806417,5536.785070090723
LineaB,HPT,Alem,13,LineaB:1081,Lacroze,1238.835234991092,71.25640371308579,4674.441492935149
LineaB,HPT,Alem,14,LineaB:1080,Tronador,727.1995920634912,33.274099126399534,3506.862661657143
LineaB,HPT,Alem,15,LineaB:1079,LosIncas,789.9331977692451,16.43723001703034,2812.937168720051
LineaB,HPT,Alem,16,LineaB:1078,Echeverria,573.5937379762759,3.6092141141975054,2039.4412009678363
LineaB,HPT,Alem,17,LineaB:1077,JMRosas,1469.456677105758,0.0,1469.456677105758
LineaB,HPT,JMRosas,1,LineaB:1093,Alem,3580.4565110177,0.0,3580.4565110177
LineaB,HPT,JMRosas,2,LineaB:1092,Florida,1786.376156351159,56.21433999929444,5310.618327369564
LineaB,HPT,JMRosas,3,LineaB:1091,Pellegrini,2236.877500254914,480.76169229227406,7066.734135332204
LineaB,HPT,JMRosas,4,LineaB:1090,Uruguay,1149.441794762356,160.89485731704264,8055.281072777517
LineaB,HPT,JMRosas,5,LineaB:1089,CallaoB,1065.0,237.57223779081045,8882.708834986708
LineaB,HPT,JMRosas,6,LineaB:1088,Pasteur,679.0,134.76649445404365,9426.942340532665
LineaB,HPT,JMRosas,7,LineaB:1087,Pueyr,1984.046664371471,626.1712722984113,10784.817732605725
LineaB,HPT,JMRosas,8,LineaB:1086,Gardel,519.0,802.3650235460908,10501.452709059635
LineaB,HPT,JMRosas,9,LineaB:1085,Medrano,333.0,900.9844497737744,9933.46825928586
LineaB,HPT,JMRosas,10,LineaB:1083,Gallardo,255.0,876.3555706275865,9312.112688658275
LineaB,HPT,JMRosas,11,LineaB:1084,Malabia,358.0,1285.7058700654725,8384.406818592803
LineaB,HPT,JMRosas,12,LineaB:1082,Dorrego,92.17337855471257,913.3334285876738,7563.246768559842
LineaB,HPT,JMRosas,13,LineaB:1081,Lacroze,69.42017586810701,2657.379631997732,4975.287312430218
LineaB,HPT,JMRosas,14,LineaB:1080,Tronador,50.80040793650883,413.21218123590114,4612.875539130826
LineaB,HPT,JMRosas,15,LineaB:1079,LosIncas,43.06680223075494,746.3277711348007,3909.6145702267795
LineaB,HPT,JMRosas,16,LineaB:1078,Echeverria,1.406262023724077,788.7742575251642,3122.2465747253395
LineaB,HPT,JMRosas,17,LineaB:1077,JMRosas,0.0,3122.246574725335,4.547473508864641e-12
LineaC,HPM,Constitucion,1,LineaC:1094,Constitucion,0.0,1234.294363035304,0.0
LineaC,HPM,Constitucion,2,LineaC:1095,SanJuan,5.404592791481045,485.1797802627676,1234.294363035303
LineaC,HPM,Constitucion,3,LineaC:1096,Indepen,157.5233775264987,887.0140741502402,1714.0695505065896
LineaC,HPM,Constitucion,4,LineaC:1097,Mariano Moreno,51.0,478.2370155256983,2443.560247130331
LineaC,HPM,Constitucion,5,LineaC:1098,AVMayo,586.3288419251926,590.3840404972286,2870.7972626560295
LineaC,HPM,Constitucion,6,LineaC:1099,DNorte,1401.5578736144,629.4441287133172,2874.8524612280657
LineaC,HPM,Constitucion,7,LineaC:1100,Lavalle,84.39503779907069,160.27945184941214,2102.7387163269827
LineaC,HPM,Constitucion,8,LineaC:1101,SanMartin,65.0,29.709476608141166,2178.623130377324
LineaC,HPM,Constitucion,9,LineaC:1102,Retiro,2143.332606985465,0.0,2143.332606985465
LineaC,HPM,Retiro,1,LineaC:1094,Constitucion,12010.57530146549,0.0,12010.57530146549
LineaC,HPM,Retiro,2,LineaC:1095,SanJuan,309.4462962969459,71.20369195840274,12248.817905804033
LineaC,HPM,Retiro,3,LineaC:1096,Indepen,381.0,804.9730591413285,11824.844846662705
LineaC,HPM,Retiro,4,LineaC:1097,Mariano Moreno,75.0,330.7411431364498,11569.103703526256
LineaC,HPM,Retiro,5,LineaC:1098,AVMayo,896.5690659629813,2158.9796383080325,10306.693131181206
LineaC,HPM,Retiro,6,LineaC:1099,DNorte,349.4507837926583,6133.959175221769,4522.184739752094
LineaC,HPM,Retiro,7,LineaC:1100,Lavalle,12.60496220092931,1043.0525911272528,3491.737110825771
LineaC,HPM,Retiro,8,LineaC:1101,SanMartin,11.0,879.1660869075927,2623.5710239181785
LineaC,HPM,Retiro,9,LineaC:1102,Retiro,0.0,2623.571023918176,0.0
LineaC,HPT,Constitucion,1,LineaC:1094,Constitucion,0.0,9411.13683726056,0.0
LineaC,HPT,Constitucion,2,LineaC:1095,SanJuan,15.42409797535539,392.64797707308037,9411.13683726056
LineaC,HPT,Constitucion,3,LineaC:1096,Indepen,827.9622217500785,1319.8388884143221,9788.360716358284
LineaC,HPT,Constitucion,4,LineaC:1097,Mariano Moreno,217.0,197.56345103456937,10280.237383022528
LineaC,HPT,Constitucion,5,LineaC:1098,AVMayo,1901.60974901669,783.8275423993981,10260.800834057098
LineaC,HPT,Constitucion,6,LineaC:1099,DNorte,5123.230379873236,514.6047807480154,9143.018627439806
LineaC,HPT,Constitucion,7,LineaC:1100,Lavalle,845.7023425055182,37.94806818013476,4534.393028314585
LineaC,HPT,Constitucion,8,LineaC:1101,SanMartin,584.0,1.2856327530126432,3726.6387539892016
LineaC,HPT,Constitucion,9,LineaC:1102,Retiro,3143.924386742214,0.0,3143.924386742214
LineaC,HPT,Retiro,1,LineaC:1094,Constitucion,2722.802893242381,0.0,2722.802893242381
LineaC,HPT,Retiro,2,LineaC:1095,SanJuan,330.2386990640321,48.88869548964798,3004.152896816765
LineaC,HPT,Retiro,3,LineaC:1096,Indepen,705.0,259.10554818709807,3450.047348629667
LineaC,HPT,Retiro,4,LineaC:1097,Mariano Moreno,470.0,53.05915662534432,3866.9881920043226
LineaC,HPT,Retiro,5,LineaC:1098,AVMayo,572.6516784576506,608.7665619908112,3830.873308471162
LineaC,HPT,Retiro,6,LineaC:1099,DNorte,554.5122613091112,1813.288350886376,2572.0972188938977
LineaC,HPT,Retiro,7,LineaC:1100,Lavalle,135.2976574944818,239.41741836684847,2467.977458021531
LineaC,HPT,Retiro,8,LineaC:1101,SanMartin,54.0,137.0551071797421,2384.922350841789
LineaC,HPT,Retiro,9,LineaC:1102,Retiro,0.0,2384.9223508417876,0.0
LineaD,HPM,Catedral,1,LineaD:1118,Catedral,0.0,4221.389559982863,0.0
LineaD,HPM,Catedral,2,LineaD:1117,9 de julio,598.4339317625083,2336.326801138234,4221.389559982861
LineaD,HPM,Catedral,3,LineaD:1116,Tribuna,66.71242359158806,1025.558518093421,5959.282429358586
LineaD,HPM,Catedral,4,LineaD:1115,CallaoD,152.7161576968771,814.4137952420156,6918.12852386042
LineaD,HPM,Catedral,5,LineaD:1114,FMedicina,150.0,411.10763542621123,7579.826161405558
LineaD,HPM,Catedral,6,LineaD:1113,Pueyrredon,1043.236067052801,1268.7324232487524,7840.9337968317695
LineaD,HPM,Catedral,7,LineaD:1112,Aguero,406.0,181.13345484311404,8066.430153027722
LineaD,HPM,Catedral,8,LineaD:1111,Bulnes,472.0,224.9456873086816,7841.563607870836
LineaD,HPM,Catedral,9,LineaD:1110,Scal Ortiz,563.0,114.41203061389842,7594.509295179518
LineaD,HPM,Catedral,10,LineaD:1109,Pitalia,445.4196030446996,72.80199597696917,7145.921325793416
LineaD,HPM,Catedral,11,LineaD:1108,Palermo,886.025414827674,97.8948921229762,6773.303718725686
LineaD,HPM,Catedral,12,LineaD:1107,Carranza,670.0850168130416,38.37156063472981,5985.173196020988
LineaD,HPM,Catedral,13,LineaD:1106,Olleros,740.5619261771672,15.654347541496199,5353.459739842676
LineaD,HPM,Catedral,14,LineaD:1105,J Hernandez,905.016024704097,22.341547161660362,4628.552161207005
LineaD,HPM,Catedral,15,LineaD:1104,Juramento,977.6194318969817,8.741748232413581,3745.8776836645684
LineaD,HPM,Catedral,16,LineaD:1103,CongresoTuc,2777.0,0.0,2777.0
LineaD,HPM,CongresoTuc,1,LineaD:1118,Catedral,1230.0,0.0,1230.0
LineaD,HPM,CongresoTuc,2,LineaD:1117,9 de julio,3361.906624058277,114.26692379304836,4477.639700265228
LineaD,HPM,CongresoTuc,3,LineaD:1116,Tribuna,169.3379908859171,444.7595163920499,4202.218174759096
LineaD,HPM,CongresoTuc,4,LineaD:1115,CallaoD,237.2838423031229,299.2378617137909,4140.264155348427
LineaD,HPM,CongresoTuc,5,LineaD:1114,FMedicina,243.0,261.6328295266561,4121.6313258217715
LineaD,HPM,CongresoTuc,6,LineaD:1113,Pueyrredon,1794.112530153178,537.996065067972,5377.747790906978
LineaD,HPM,CongresoTuc,7,LineaD:1112,Aguero,182.0,415.9169749615718,5143.830815945405
LineaD,HPM,CongresoTuc,8,LineaD:1111,Bulnes,172.0,492.9840815618012,4822.846734383605
LineaD,HPM,CongresoTuc,9,LineaD:1110,Scal Ortiz,193.4,574.138709239051,4442.108025144553
LineaD,HPM,CongresoTuc,10,LineaD:1109,Pitalia,47.58039695530039,544.0467482516159,3945.6416738482376
LineaD,HPM,CongresoTuc,11,LineaD:1108,Palermo,242.9745851723259,1142.2636390565465,3046.3526199640164
LineaD,HPM,CongresoTuc,12,LineaD:1107,Carranza,51.9149831869583,399.02047318887924,2699.247129962095
LineaD,HPM,CongresoTuc,13,LineaD:1106,Olleros,18.43807382283285,320.808762443509,2396.876441341419
LineaD,HPM,CongresoTuc,14,LineaD:1105,J Hernandez,16.77344971213235,738.8040841329765,1674.845806920575
LineaD,HPM,CongresoTuc,15,LineaD:1104,Juramento,7.321641929386994,1030.5079012326444,651.6595476173175
LineaD,HPM,CongresoTuc,16,LineaD:1103,CongresoTuc,0.0,651.6595476173194,-1.9326762412674725e-12
LineaD,HPT,Catedral,1,LineaD:1118,Catedral,0.0,1568.7102164032178,0.0
LineaD,HPT,Catedral,2,LineaD:1117,9 de julio,277.4597147095805,3648.8554540700925,1568.7102164032167
LineaD,HPT,Catedral,3,LineaD:1116,Tribuna,339.4342013344041,352.2919219456112,4940.105955763729
LineaD,HPT,Catedral,4,LineaD:1115,CallaoD,381.946098101621,668.3129540036189,4952.963676374937
LineaD,HPT,Catedral,5,LineaD:1114,FMedicina,264.0,344.65978216303296,5239.330532276935
LineaD,HPT,Catedral,6,LineaD:1113,Pueyrredon,717.8275124100217,2593.2551414164172,5319.990314439968
LineaD,HPT,Catedral,7,LineaD:1112,Aguero,396.0,259.9101566401709,7195.417943446363
LineaD,HPT,Catedral,8,LineaD:1111,Bulnes,717.0,466.9584145434641,7059.328100086534
LineaD,HPT,Catedral,9,LineaD:1110,Scal Ortiz,613.0,264.81191474109863,6809.286514629997
LineaD,HPT,Catedral,10,LineaD:1109,Pitalia,814.5109111143382,144.2619091514404,6461.098429371096
LineaD,HPT,Catedral,11,LineaD:1108,Palermo,1114.356069777169,369.9842016106549,5790.849427408199
LineaD,HPT,Catedral,12,LineaD:1107,Carranza,603.5353755329718,84.11533545211,5046.4775592416845
LineaD,HPT,Catedral,13,LineaD:1106,Olleros,846.3411930898624,58.08943886200239,4527.057519160823
LineaD,HPT,Catedral,14,LineaD:1105,J Hernandez,662.3022019146537,42.63645920279732,3738.805764932963
LineaD,HPT,Catedral,15,LineaD:1104,Juramento,1172.014925774076,18.87490355296965,3119.1400222211064
LineaD,HPT,Catedral,16,LineaD:1103,CongresoTuc,1966.0,0.0,1966.0
LineaD,HPT,CongresoTuc,1,LineaD:1118,Catedral,3858.0,0.0,3858.0
LineaD,HPT,CongresoTuc,2,LineaD:1117,9 de julio,2292.44708206348,668.352285340807,5482.094796722673
LineaD,HPT,CongresoTuc,3,LineaD:1116,Tribuna,772.5407611298853,133.2517348537836,6121.383822998774
LineaD,HPT,CongresoTuc,4,LineaD:1115,CallaoD,768.0539018983789,263.68388566466996,6625.753839232483
LineaD,HPT,CongresoTuc,5,LineaD:1114,FMedicina,547.0,244.2441703993934,6928.50966883309
LineaD,HPT,CongresoTuc,6,LineaD:1113,Pueyrredon,1569.086694830582,834.73024953558,7662.866114128092
LineaD,HPT,CongresoTuc,7,LineaD:1112,Aguero,244.0,575.1192687460394,7331.746845382052
LineaD,HPT,CongresoTuc,8,LineaD:1111,Bulnes,364.0,814.4922123064517,6881.2546330756
LineaD,HPT,CongresoTuc,9,LineaD:1110,Scal Ortiz,414.0,732.3185380280117,6562.936095047588
LineaD,HPT,CongresoTuc,10,LineaD:1109,Pitalia,157.4890888856617,585.4447342689674,6134.980449664283
LineaD,HPT,CongresoTuc,11,LineaD:1108,Palermo,193.6439302228312,1358.8094807109821,4969.814899176132
LineaD,HPT,CongresoTuc,12,LineaD:1107,Carranza,86.46462446702822,714.9087372159532,4341.370786427207
LineaD,HPT,CongresoTuc,13,LineaD:1106,Olleros,87.6588069101376,704.3001983310216,3724.729395006323
LineaD,HPT,CongresoTuc,14,LineaD:1105,J Hernandez,41.15236463509734,899.351102247316,2866.5306573941043
LineaD,HPT,CongresoTuc,15,LineaD:1104,Juramento,7.578254954720933,1269.962877946029,1604.1460344027964
LineaD,HPT,CongresoTuc,16,LineaD:1103,CongresoTuc,0.0,1604.1460344027955,0.0
LineaE,HPM,RetiroE,1,LineaE:1164,RetiroE,0.0,686.5560666012714,0.0
LineaE,HPM,RetiroE,2,LineaE:1165,Catalinas,0.0,1514.8157246631395,686.5560666012711
LineaE,HPM,RetiroE,3,LineaE:1166,CCentral,491.8559305634886,1799.7227985072896,2201.3717912644106
LineaE,HPM,RetiroE,4,LineaE:1119,Bolivar,540.6538046257988,1479.9679413149966,3509.2386592082116
LineaE,HPM,RetiroE,5,LineaE:1120,Belgrano,85.0,419.81424471702593,4448.552795897409
LineaE,HPM,RetiroE,6,LineaE:1121,Independencia E,1107.474940189244,948.6310895076213,4783.367040614435
LineaE,HPM,RetiroE,7,LineaE:1122,SanJose,119.8652296584662,80.64324217345127,4624.523189932812
LineaE,HPM,RetiroE,8,LineaE:1123,ERios,194.6826646207401,185.2051591539742,4585.301202447798
LineaE,HPM,RetiroE,9,LineaE:1124,Pichin,177.5651871664989,66.07047074139024,4575.823696981031
LineaE,HPM,RetiroE,10,LineaE:1125,Jujuy,1049.340415055943,1209.4773767329048,4464.328980555923
LineaE,HPM,RetiroE,11,LineaE:1126,Urquiza,354.0754458463126,43.88398893950886,4624.465942232886
LineaE,HPM,RetiroE,12,LineaE:1127,Boedo,513.504822554426,37.49314661062527,4314.274485326082
LineaE,HPM,RetiroE,13,LineaE:1128,LaPlata,593.620628466128,15.908635812406025,3838.262809382281
LineaE,HPM,RetiroE,14,LineaE:1129,Moreno,622.45194598145,24.106123886934007,3260.550816728559
LineaE,HPM,RetiroE,15,LineaE:1130,EMitre,671.7371271352775,19.87430819087881,2662.2049946340426
LineaE,HPM,RetiroE,16,LineaE:1131,Medalla,306.6185045990937,2.282852946306182,2010.342175689644
LineaE,HPM,RetiroE,17,LineaE:1132,Varela,335.2552143983143,0.0,1706.0065240368563
LineaE,HPM,RetiroE,18,LineaE:1133,Virreyes,1370.751309638542,0.0,1370.751309638542
LineaE,HPM,Virreyes,1,LineaE:1164,RetiroE,678.8756307317651,0.0,678.8756307317651
LineaE,HPM,Virreyes,2,LineaE:1165,Catalinas,45.38934506434632,10.88581628731153,713.3791595088
LineaE,HPM,Virreyes,3,LineaE:1166,CCentral,331.8910346972614,181.99773799866085,863.2724562074004
LineaE,HPM,Virreyes,4,LineaE:1119,Bolivar,105.84619537420112,233.04665458339088,736.0719969982106
LineaE,HPM,Virreyes,5,LineaE:1120,Belgrano,31.0,256.2458349482671,510.8261620499435
LineaE,HPM,Virreyes,6,LineaE:1121,Independencia E,527.6050598107561,55.1396406197382,983.2915812409615
LineaE,HPM,Virreyes,7,LineaE:1122,SanJose,86.13477034153377,47.25922011047519,1022.1671314720201
LineaE,HPM,Virreyes,8,LineaE:1123,ERios,139.31733537925987,74.7920521877882,1086.6924146634917
LineaE,HPM,Virreyes,9,LineaE:1124,Pichin,77.0,43.23948765782155,1120.45292700567
LineaE,HPM,Virreyes,10,LineaE:1125,Jujuy,328.18987840244165,438.0573083258269,1010.5854970822847
LineaE,HPM,Virreyes,11,LineaE:1126,Urquiza,14.924554153687442,93.9312301210995,931.5788211148728
LineaE,HPM,Virreyes,12,LineaE:1127,Boedo,19.25399045342055,135.73804641217515,815.0947651561182
LineaE,HPM,Virreyes,13,LineaE:1128,LaPlata,6.379371533872096,153.64673960971538,667.827397080275
LineaE,HPM,Virreyes,14,LineaE:1129,Moreno,9.548054018549903,131.2947728224477,546.0806782763772
LineaE,HPM,Virreyes,15,LineaE:1130,EMitre,6.448078389211396,143.32002362108383,409.2087330445048
LineaE,HPM,Virreyes,16,LineaE:1131,Medalla,1.3814954009062814,125.06648923992059,285.5237392054905
LineaE,HPM,Virreyes,17,LineaE:1132,Varela,0.0,81.36580286941914,204.15793633607132
LineaE,HPM,Virreyes,18,LineaE:1133,Virreyes,0.0,204.15793633607103,2.8421709430404007e-13
LineaE,HPT,RetiroE,1,LineaE:1164,RetiroE,0.0,591.413624011296,-1.3642420526593924e-12
LineaE,HPT,RetiroE,2,LineaE:1165,Catalinas,5.698447575458497,89.9164309747919,591.4136240112946
LineaE,HPT,RetiroE,3,LineaE:1166,CCentral,139.521393890618,738.6663566765395,675.6316074106279
LineaE,HPT,RetiroE,4,LineaE:1119,Bolivar,338.0382607503897,501.91918577006084,1274.7765701965495
LineaE,HPT,RetiroE,5,LineaE:1120,Belgrano,201.0,87.23296584758417,1438.6574952162205
LineaE,HPT,RetiroE,6,LineaE:1121,Independencia E,692.7306275476152,1371.663911230371,1324.8904610638047
LineaE,HPT,RetiroE,7,LineaE:1122,SanJose,65.62595060052254,93.2326690050765,2003.8237447465606
LineaE,HPT,RetiroE,8,LineaE:1123,ERios,115.9851349585739,195.20796481721584,2031.4304631511145
LineaE,HPT,RetiroE,9,LineaE:1124,Pichin,61.26032575131195,100.64959712095309,2110.6532930097565
LineaE,HPT,RetiroE,10,LineaE:1125,Jujuy,917.0526107549381,727.7719138916217,2150.0425643793974
LineaE,HPT,RetiroE,11,LineaE:1126,Urquiza,160.2662558098053,40.461134589861956,1960.761867516081
LineaE,HPT,RetiroE,12,LineaE:1127,Boedo,351.4852483322974,47.445424384800695,1840.956746296138
LineaE,HPT,RetiroE,13,LineaE:1128,LaPlata,318.4176550868632,13.599437678517791,1536.9169223486413
LineaE,HPT,RetiroE,14,LineaE:1129,Moreno,315.8318137397068,22.914519820645776,1232.0987049402956
LineaE,HPT,RetiroE,15,LineaE:1130,EMitre,284.4390264543548,19.8223329035678,939.1814110212348
LineaE,HPT,RetiroE,16,LineaE:1131,Medalla,129.4560385314684,9.950062135408585,674.5647174704478
LineaE,HPT,RetiroE,17,LineaE:1132,Varela,121.1586783830957,0.0,555.058741074388
LineaE,HPT,RetiroE,18,LineaE:1133,Virreyes,433.9000626912923,0.0,433.9000626912923
LineaE,HPT,Virreyes,1,LineaE:1164,RetiroE,818.0894948347869,0.0,818.0894948347869
LineaE,HPT,Virreyes,2,LineaE:1165,Catalinas,1079.357270986021,0.0,1897.4467658208077
LineaE,HPT,Virreyes,3,LineaE:1166,CCentral,1442.7051213007662,477.1592375045889,2862.992649616985
LineaE,HPT,Virreyes,4,LineaE:1119,Bolivar,1802.9617392496102,675.4216923428412,3990.5326965237546
LineaE,HPT,Virreyes,5,LineaE:1120,Belgrano,340.0,149.8516993137547,4180.68099721
LineaE,HPT,Virreyes,6,LineaE:1121,Independencia E,760.1493724523848,770.359776658678,4170.470593003706
LineaE,HPT,Virreyes,7,LineaE:1122,SanJose,122.37404939947743,133.8797178377477,4158.9649245654355
LineaE,HPT,Virreyes,8,LineaE:1123,ERios,215.0148650414261,178.76232223716937,4195.217467369692
LineaE,HPT,Virreyes,9,LineaE:1124,Pichin,120.0,177.69980670373275,4137.517660665959
LineaE,HPT,Virreyes,10,LineaE:1125,Jujuy,1411.4931398445542,798.0669358469847,4750.943864663528
LineaE,HPT,Virreyes,11,LineaE:1126,Urquiza,61.7337441901947,371.1427569525439,4441.534851901179
LineaE,HPT,Virreyes,12,LineaE:1127,Boedo,48.75649929529374,606.3326901495963,3883.9586610468764
LineaE,HPT,Virreyes,13,LineaE:1128,LaPlata,32.58234491313686,521.8093809110326,3394.7316250489803
LineaE,HPT,Virreyes,14,LineaE:1129,Moreno,35.16818626029317,741.0438335031524,2688.855977806121
LineaE,HPT,Virreyes,15,LineaE:1130,EMitre,15.022539337729096,711.747653850585,1992.1308632932648
LineaE,HPT,Virreyes,16,LineaE:1131,Medalla,4.543961468531565,317.9965909636858,1678.6782337981106
LineaE,HPT,Virreyes,17,LineaE:1132,Varela,0.0,364.8585002981317,1313.8197334999788
LineaE,HPT,Virreyes,18,LineaE:1133,Virreyes,0.0,1313.8197334999804,0.0
LineaH,HPM,Hospitales,1,LineaH:1134,Hospitales,0.0,476.06244853841383,0.0
LineaH,HPM,Hospitales,2,LineaH:1135,Patricios,2.704476748571095,636.7047369921864,476.0624485384136
LineaH,HPM,Hospitales,3,LineaH:1136,Caseros,5.705438305886577,657.7042755691655,1110.062708782029
LineaH,HPM,Hospitales,4,LineaH:1137,Inclan,11.19090088764303,230.1052542918752,1762.0615460453078
LineaH,HPM,Hospitales,5,LineaH:1138,HPrimo,125.1820328809719,1021.3696434935723,1980.97589944954
LineaH,HPM,Hospitales,6,LineaH:1139,Venezuela,114.094061557092,196.59195200641892,2877.1635100621406
LineaH,HPM,Hospitales,7,LineaH:1140,Once,562.0866019925347,756.057759530797,2959.6614005114675
LineaH,HPM,Hospitales,8,LineaH:1141,Corrientes,992.1631788227503,189.60497058431318,3153.6325580497296
LineaH,HPM,Hospitales,9,LineaH:1160,Cordoba,243.425114457455,35.14351777997945,2351.0743498112924
LineaH,HPM,Hospitales,10,LineaH:1161,SantaFe,1712.93914737485,81.25145694724603,2142.792753133817
LineaH,HPM,Hospitales,11,LineaH:1162,LasHeras,367.827657326563,0.7225946203501479,511.10506270621283
LineaH,HPM,Hospitales,12,LineaH:1163,FDerecho,144.0,0.0,144.0
LineaH,HPM,Fderecho,1,LineaH:1134,Hospitales,2291.217237462982,0.0,2291.217237462982
LineaH,HPM,Fderecho,2,LineaH:1135,Patricios,881.2955232514289,2.5218762534894807,3169.9908844609217
LineaH,HPM,Fderecho,3,LineaH:1136,Caseros,587.2945616941134,15.391796355637716,3741.8936497993973
LineaH,HPM,Fderecho,4,LineaH:1137,Inclan,523.4801392909241,13.955555885063973,4251.418233205257
LineaH,HPM,Fderecho,5,LineaH:1138,HPrimo,1119.511686719842,223.0004476218295,5147.92947230327
LineaH,HPM,Fderecho,6,LineaH:1139,Venezuela,543.3441650014494,86.10944529723547,5605.1641920074835
LineaH,HPM,Fderecho,7,LineaH:1140,Once,1911.913398007465,789.0062340962564,6728.071355918692
LineaH,HPM,Fderecho,8,LineaH:1141,Corrientes,648.8368211772496,1645.476659023011,5731.43151807293
LineaH,HPM,Fderecho,9,LineaH:1160,Cordoba,51.57488554254502,604.5565480782468,5178.449855537228
LineaH,HPM,Fderecho,10,LineaH:1161,SantaFe,229.011226889961,3836.254390312675,1571.2066921145147
LineaH,HPM,Fderecho,11,LineaH:1162,LasHeras,3.172342673436988,964.7640436931066,609.6149910948451
LineaH,HPM,Fderecho,12,LineaH:1163,FDerecho,0.0,609.6149910948443,0.0
LineaH,HPT,Hospitales,1,LineaH:1134,Hospitales,0.0,1274.9291082052591,3.637978807091713e-12
LineaH,HPT,Hospitales,2,LineaH:1135,Patricios,2.009847936101433,763.4143513844613,1274.9291082052628
LineaH,HPT,Hospitales,3,LineaH:1136,Caseros,8.062566023304518,838.5322701562657,2036.3336116536227
LineaH,HPT,Hospitales,4,LineaH:1137,Inclan,15.68705015067615,525.7479146390137,2866.803315786584
LineaH,HPT,Hospitales,5,LineaH:1138,HPrimo,531.9171969568848,1179.65752303696,3376.8641802749216
LineaH,HPT,Hospitales,6,LineaH:1139,Venezuela,81.38116998607268,470.8773014804692,4024.6045063549964
LineaH,HPT,Hospitales,7,LineaH:1140,Once,819.4542338590876,2864.818265339789,4414.100637849393
LineaH,HPT,Hospitales,8,LineaH:1141,Corrientes,1411.446822283428,613.1525531289667,6459.464669330095
LineaH,HPT,Hospitales,9,LineaH:1160,Cordoba,572.4854430834439,103.6125911981377,5661.170400175633
LineaH,HPT,Hospitales,10,LineaH:1161,SantaFe,3817.368671426805,306.8804699376669,5192.2975482903275
LineaH,HPT,Hospitales,11,LineaH:1162,LasHeras,963.3524080792274,8.543061278038607,1681.809346801189
LineaH,HPT,Hospitales,12,LineaH:1163,FDerecho,727.0,0.0,727.0
LineaH,HPT,Fderecho,1,LineaH:1134,Hospitales,635.1081394060092,0.0,635.1081394060092
LineaH,HPT,Fderecho,2,LineaH:1135,Patricios,615.9901520638986,0.8691568738786636,1250.229134596029
LineaH,HPT,Fderecho,3,LineaH:1136,Caseros,677.9374339766954,16.06960421287004,1912.0969643598544
LineaH,HPT,Fderecho,4,LineaH:1137,Inclan,398.9587471994805,25.11748829985993,2285.938223259475
LineaH,HPT,Fderecho,5,LineaH:1138,HPrimo,1550.128497887101,346.86044288107104,3489.2062782655053
LineaH,HPT,Fderecho,6,LineaH:1139,Venezuela,308.7965645698238,80.474931394453,3717.527911440876
LineaH,HPT,Fderecho,7,LineaH:1140,Once,1363.545766140912,797.3256640457487,4283.748013536039
LineaH,HPT,Fderecho,8,LineaH:1141,Corrientes,714.5531777165716,1198.6187255587683,3799.6824656938425
LineaH,HPT,Fderecho,9,LineaH:1160,Cordoba,100.514556916556,407.62717385690786,3492.5698487534905
LineaH,HPT,Fderecho,10,LineaH:1161,SantaFe,202.6637132715972,2572.8806774532695,1122.3528845718183
LineaH,HPT,Fderecho,11,LineaH:1162,LasHeras,2.647591920772636,687.2088649810296,437.7916115115613
LineaH,HPT,Fderecho,12,LineaH:1163,FDerecho,0.0,437.79161151156,1.3073986337985843e-12
