linea,gtfs_stop_id,gtfs_nombre,stop_lat,stop_lon,n_andenes,nombres_molinetes,n_molinetes,n_registros,pax_total
LineaA,1064,Acoyte,-34.618036012360,-58.435862213379,2.0,Acoyte,11,207586,3104096
LineaA,1069,Alberti,-34.609832012885,-58.400719910883,1.0,Alberti,4,77990,1202838
LineaA,1061,Carabobo,-34.626422392738,-58.456044495010,2.0,Carabobo,9,196198,2362676
LineaA,1066,Castro Barros,-34.611763606902,-58.421728313005,2.0,Castro Barros,7,136785,2216467
LineaA,1071,Congreso,-34.609241487037,-58.392670601487,2.0,Congreso,9,129387,1993742
LineaA,1073,Lima,-34.609105721538,-58.382521122784,2.0,Lima,6,89210,937875
LineaA,1067,Loria,-34.610811060554,-58.415152877453,2.0,Loria,8,105358,1291672
LineaA,1070,Pasco,-34.609664444429,-58.398340314029,1.0,Pasco,4,69776,596447
LineaA,1075,Peru,-34.608559343180,-58.374563008418,2.0,Peru,11,164721,1924011
LineaA,1074,Piedras,-34.608837932068,-58.378502407734,2.0,Piedras,6,99542,1427533
LineaA,1068,Plaza Miserere,-34.609688,-58.406813889700,2.0,Plaza Miserere,14,271806,2713095
LineaA,1076,Plaza de Mayo,-34.608695109514,-58.371493220293,2.0,Plaza de Mayo,9,168079,3398439
LineaA,1063,Primera Junta,-34.620460192436,-58.441400975016,2.0,Primera Junta,9,182068,2775442
LineaA,1062,Puan,-34.623571847053,-58.448787778687,2.0,Puan,5,103106,1521603
LineaA,1065,Rio de Janeiro,-34.615111439413,-58.429285879212,2.0,Rio de Janeiro,6,104747,1737717
LineaA,1072,Saenz Peña,-34.609416989391,-58.386668153102,2.0,Saenz Peña ,6,125103,1953644
LineaA,1060,San Jose de Flores,-34.629054501979,-58.463536343831,2.0,Flores,8,169135,2684674
LineaA,1059,San Pedrito,-34.630922591443,-58.470433205504,2.0,San Pedrito,12,256859,6260126
LineaB,1089,Callao,-34.604457527748,-58.392845615810,2.0,Callao.B,9,154584,3537275
LineaB,1086,Carlos Gardel,-34.604103190729,-58.411704897892,2.0,Carlos Gardel,7,114040,2295242
LineaB,1091,Carlos Pellegrini,-34.603701386103,-58.381378501576,2.0,Carlos Pellegrini,10,204725,3902937
LineaB,1079,De Los Incas - Parque Chas,-34.581941400922,-58.472949117288,2.0,Los Incas,8,168125,1831732
LineaB,1082,Dorrego,-34.591692697391,-58.447618335534,2.0,Dorrego,9,203763,2528992
LineaB,1078,Echeverria,-34.577998380396,-58.480763733193,2.0,Echeverria,7,140059,1345063
LineaB,1081,Federico Lacroze,-34.587565207891,-58.454097211372,2.0,Federico Lacroze,21,436041,5132160
LineaB,1092,Florida,-34.603301786393,-58.374534845324,2.0,Florida,9,161990,2508797
LineaB,1077,Juan Manuel de Rosas,-34.574011003989,-58.486718237493,2.0,Rosas,13,271589,5791079
LineaB,1093,Leandro N. Alem,-34.602967313448,-58.369956314500,2.0,Leandro N. Alem,10,217632,3541632
LineaB,1084,Malabia,-34.599048472974,-58.439674973441,2.0,Malabia,8,167833,3046991
LineaB,1085,Medrano,-34.603139517524,-58.421303182836,2.0,Medrano,7,163212,3178225
LineaB,1088,Pasteur,-34.604623105662,-58.399357348627,2.0,Pasteur,7,140928,2378774
LineaB,1087,Pueyrredon,-34.604613170616,-58.405234068657,2.0,Pueyrredon | Pueyrredon.B,17,139649,1681932
LineaB,1080,Tronador - Villa Ortuzar,-34.584319159038,-58.465676307586,2.0,Tronador,4,75691,1141819
LineaB,1090,Uruguay,-34.604046341872,-58.387106358997,2.0,Uruguay,10,121370,1705784
LineaB,1083,angel Gallardo,-34.602156515827,-58.431022167144,2.0,Angel Gallardo,7,150921,2876383
LineaC,1098,Avenida de Mayo,-34.608990925758,-58.380681462661,2.0,Avenida de Mayo,7,122758,787109
LineaC,1094,Constitucion,-34.627276542920,-58.381431475198,2.0,Constitucion,31,594052,16491664
LineaC,1099,Diagonal Norte,-34.604795306773,-58.379235416539,2.0,Diagonal Norte,9,105634,1072768
LineaC,1101,General San Martin,-34.594872221186,-58.377256616835,2.0,General San Martin,7,105366,1022306
LineaC,1096,Independencia,-34.618060292427,-58.380236216020,2.0,Independencia | Independencia.C,13,104775,1398758
LineaC,1100,Lavalle,-34.601776224270,-58.378115594396,2.0,Lavalle,7,112217,1310537
LineaC,1097,Moreno,-34.612434686061,-58.380517847867,2.0,Mariano Moreno,7,122866,1045250
LineaC,1102,Retiro,-34.591873756182,-58.374748081035,2.0,Retiro | Retiro.C,25,261941,5433677
LineaC,1095,San Juan,-34.622676270600,-58.379951566484,2.0,San Juan,4,76802,993697
LineaD,1117,9 de Julio,-34.604348245572,-58.380351886286,2.0,9 de Julio | 9 de julio,6,85776,983168
LineaD,1112,Agüero,-34.591698218136,-58.407092839478,2.0,Agüero,5,73779,1207335
LineaD,1111,Bulnes,-34.588258565847,-58.411264344992,2.0,Bulnes,7,158326,3287577
LineaD,1115,Callao,-34.599602641978,-58.392240107111,2.0,Callao | Callao.D,15,153715,2630003
LineaD,1118,Catedral,-34.607624420959,-58.374257236745,2.0,Catedral,15,282670,4343917
LineaD,1103,Congreso de Tucuman,-34.555987572378,-58.462078124285,2.0,Congreso de Tucuman,18,408032,6196965
LineaD,1114,Facultad de Medicina,-34.599719656814,-58.397433534301,2.0,Facultad de Medicina,11,199649,3216932
LineaD,1105,Jose Hernandez,-34.566267592324,-58.451968878529,2.0,Jose Hernandez,9,196644,2449728
LineaD,1104,Juramento,-34.562410402122,-58.456280529496,2.0,Juramento,8,181944,3685334
LineaD,1107,Ministro Carranza,-34.575205802166,-58.434726297831,2.0,Ministro Carranza,7,154319,2411042
LineaD,1106,Olleros,-34.570246506058,-58.444336652709,2.0,Olleros,9,198223,2405348
LineaD,1108,Palermo,-34.578413560940,-58.425869643601,2.0,Palermo,6,126654,2973416
LineaD,1109,Plaza Italia,-34.581660946057,-58.420978635617,2.0,Plaza Italia,5,49910,1675753
LineaD,1113,Pueyrredon,-34.594988137797,-58.403226435199,2.0,Pueyrredon.D,7,126436,1712865
LineaD,1110,Scalabrini Ortiz,-34.585185336263,-58.415824770871,2.0,Scalabrini Ortiz,5,113128,2309601
LineaD,1116,Tribunales,-34.601770705188,-58.384459018730,2.0,Tribunales,10,124410,2310227
LineaE,1120,Belgrano,-34.613410392420,-58.378220200429,2.0,General Belgrano,3,52558,868821
LineaE,1127,Boedo,-34.625545058485,-58.416628092456,2.0,Boedo,4,79158,1291165
LineaE,1119,Bolivar,-34.609575380822,-58.374049365518,2.0,Bolivar,10,162604,2156999
LineaE,1165,Catalinas,-34.59664167,-58.37190833,2.0,Catalinas,11,148305,1169593
LineaE,1166,Correo Central,-34.603125,-58.37019444,2.0,Correo Central,11,176854,1513986
LineaE,1130,Emilio Mitre,-34.631632139071,-58.442524820568,2.0,Emilio Mitre,3,54178,1136393
LineaE,1123,Entre Rios,-34.622759595691,-58.391514569428,2.0,Entre Rios,4,78267,986436
LineaE,1126,General Urquiza,-34.624681784582,-58.409617468688,2.0,Urquiza,4,76225,907540
LineaE,1121,Independencia,-34.618001797393,-58.380904421063,2.0,Independencia.E | Independencia.H,10,103256,2221977
LineaE,1129,Jose Maria Moreno,-34.628084339372,-58.434297814982,2.0,Jose Maria Moreno,3,53703,1062632
LineaE,1125,Jujuy,-34.623878647026,-58.402829468279,2.0,Jujuy,4,77232,702746
LineaE,1128,La Plata,-34.626836228126,-58.425610810552,2.0,Avenida La Plata,4,78546,1311185
LineaE,1131,Medalla Milagrosa,-34.636250121811,-58.450398445176,2.0,Medalla Milagrosa,4,70098,531300
LineaE,1124,Pichincha,-34.623133717895,-58.397111669159,2.0,Pichincha,4,75974,641148
LineaE,1133,Plaza de los Virreyes,-34.642770031936,-58.461445122984,2.0,Pza. de los Virreyes,7,106749,2135236
LineaE,1164,Retiro,-34.59240278,-58.37627222,2.0,Retiro E | Retiro.E,21,173998,1019575
LineaE,1122,San Jose,-34.622367261066,-58.385392427497,2.0,San Jose,3,53328,697677
LineaE,1132,Varela,-34.639566964307,-58.457848280500,2.0,Varela,3,50669,598678
LineaH,1136,Caseros,-34.635265854589,-58.399158865153,2.0,Caseros,5,106030,1603210
LineaH,1160,Cordoba,-34.598686142195,-58.403805105041,2.0,Cordoba,4,79588,1658734
LineaH,1141,Corrientes,-34.603923811372,-58.405317217086,2.0,Corrientes,8,156572,1327070
LineaH,1163,Facultad de Derecho,-34.583194029760,-58.391207324196,2.0,Facultad de Derecho,9,132343,1478360
LineaH,1134,Hospitales,-34.641752739715,-58.412673175271,2.0,Hospitales,7,151348,3370834
LineaH,1138,Humberto 1,-34.623116366744,-58.402322201144,2.0,Humberto I,5,88166,1336592
LineaH,1137,Inclan,-34.629351188776,-58.400986790654,2.0,Inclan,5,87722,1231784
LineaH,1162,Las Heras,-34.588062575386,-58.39804479425,2.0,Las Heras,4,105077,2282630
LineaH,1140,Once,-34.609147664305,-58.406046778011,2.0,Once,9,197196,2755715
LineaH,1135,Parque Patricios,-34.638460262593,-58.406328409852,2.0,Patricios,6,129893,2459859
LineaH,1161,Santa Fe,-34.594856588906,-58.402459654070,2.0,Santa Fe,11,215932,2413106
LineaH,1139,Venezuela,-34.615227118506,-58.404758647205,2.0,Venezuela,5,109595,1706080
